event_id,event_name,venue,event_type,event_category,sport_or_category,date,start_time,end_time,start,end,attendance,attendance_source,source,competition,round,home_team,away_team,home_score,away_score,result,year,month,day,day_of_week,start_hour,end_hour,is_weekend,source_url,notes
1,Rugby League: Sydney v South Sydney,Sydney Football Stadium / Allianz Stadium,rugby_league,sport,rugby league,2013-03-07,,,,,,,Rugby League Project,National Youth Competition 2013,Round 1,Sydney,South Sydney,26.0,24.0,Sydney 26 - 24 South Sydney,2013,3,7,Thursday,,,0,https://www.rugbyleagueproject.org/matches/118203,Rugby League Project venue row; listed venue = Allianz Stadium
2,Rugby League: Sydney v Brisbane,Sydney Football Stadium / Allianz Stadium,rugby_league,sport,rugby league,2013-03-23,,,,,,,Rugby League Project,National Youth Competition 2013,Round 3,Sydney,Brisbane,22.0,40.0,Sydney 22 - 40 Brisbane,2013,3,23,Saturday,,,1,https://www.rugbyleagueproject.org/matches/118222,Rugby League Project venue row; listed venue = Allianz Stadium
3,Rugby League: Sydney v Parramatta,Sydney Football Stadium / Allianz Stadium,rugby_league,sport,rugby league,2013-04-01,,,,,,,Rugby League Project,National Youth Competition 2013,Round 4,Sydney,Parramatta,22.0,20.0,Sydney 22 - 20 Parramatta,2013,4,1,Monday,,,0,https://www.rugbyleagueproject.org/matches/118234,Rugby League Project venue row; listed venue = Allianz Stadium
4,Rugby League: Sydney v Canterbury,Sydney Football Stadium / Allianz Stadium,rugby_league,sport,rugby league,2013-04-12,,,,,,,Rugby League Project,National Youth Competition 2013,Round 6,Sydney,Canterbury,34.0,30.0,Sydney 34 - 30 Canterbury,2013,4,12,Friday,,,0,https://www.rugbyleagueproject.org/matches/118244,Rugby League Project venue row; listed venue = Allianz Stadium
5,Rugby League: Sydney v St Geo Illa,Sydney Football Stadium / Allianz Stadium,rugby_league,sport,rugby league,2013-04-25,,,,,,,Rugby League Project,National Youth Competition 2013,Round 7,Sydney,St Geo Illa,54.0,10.0,Sydney 54 - 10 St Geo Illa,2013,4,25,Thursday,,,0,https://www.rugbyleagueproject.org/matches/118251,Rugby League Project venue row; listed venue = Allianz Stadium
6,Rugby League: Sydney v Penrith,Sydney Football Stadium / Allianz Stadium,rugby_league,sport,rugby league,2013-05-05,,,,,,,Rugby League Project,National Youth Competition 2013,Round 8,Sydney,Penrith,32.0,16.0,Sydney 32 - 16 Penrith,2013,5,5,Sunday,,,1,https://www.rugbyleagueproject.org/matches/118265,Rugby League Project venue row; listed venue = Allianz Stadium
7,Rugby League: Wests Tigers v Cronulla,Sydney Football Stadium / Allianz Stadium,rugby_league,sport,rugby league,2013-05-10,,,,,,,Rugby League Project,National Youth Competition 2013,Round 9,Wests Tigers,Cronulla,38.0,18.0,Wests Tigers 38 - 18 Cronulla,2013,5,10,Friday,,,0,https://www.rugbyleagueproject.org/matches/118268,Rugby League Project venue row; listed venue = Allianz Stadium
8,Rugby League: Sydney v Melbourne,Sydney Football Stadium / Allianz Stadium,rugby_league,sport,rugby league,2013-05-25,,,,,,,Rugby League Project,National Youth Competition 2013,Round 11,Sydney,Melbourne,32.0,10.0,Sydney 32 - 10 Melbourne,2013,5,25,Saturday,,,1,https://www.rugbyleagueproject.org/matches/118286,Rugby League Project venue row; listed venue = Allianz Stadium
9,Rugby League: Sydney v Warriors,Sydney Football Stadium / Allianz Stadium,rugby_league,sport,rugby league,2013-06-16,,,,,,,Rugby League Project,National Youth Competition 2013,Round 14,Sydney,Warriors,31.0,26.0,Sydney 31 - 26 Warriors,2013,6,16,Sunday,,,1,https://www.rugbyleagueproject.org/matches/118308,Rugby League Project venue row; listed venue = Allianz Stadium
10,Rugby League: Sydney v Manly,Sydney Football Stadium / Allianz Stadium,rugby_league,sport,rugby league,2013-07-01,,,,,,,Rugby League Project,National Youth Competition 2013,Round 16,Sydney,Manly,34.0,6.0,Sydney 34 - 6 Manly,2013,7,1,Monday,,,0,https://www.rugbyleagueproject.org/matches/118320,Rugby League Project venue row; listed venue = Allianz Stadium
11,Rugby League: Sydney v Cronulla,Sydney Football Stadium / Allianz Stadium,rugby_league,sport,rugby league,2013-07-20,,,,,,,Rugby League Project,National Youth Competition 2013,Round 19,Sydney,Cronulla,24.0,26.0,Sydney 24 - 26 Cronulla,2013,7,20,Saturday,,,1,https://www.rugbyleagueproject.org/matches/118335,Rugby League Project venue row; listed venue = Allianz Stadium
12,Rugby League: Sydney v Canberra,Sydney Football Stadium / Allianz Stadium,rugby_league,sport,rugby league,2013-08-10,,,,,,,Rugby League Project,National Youth Competition 2013,Round 22,Sydney,Canberra,32.0,38.0,Sydney 32 - 38 Canberra,2013,8,10,Saturday,,,1,https://www.rugbyleagueproject.org/matches/118357,Rugby League Project venue row; listed venue = Allianz Stadium
13,Rugby League: Wests Tigers v Sydney,Sydney Football Stadium / Allianz Stadium,rugby_league,sport,rugby league,2013-08-19,,,,,,,Rugby League Project,National Youth Competition 2013,Round 23,Wests Tigers,Sydney,32.0,18.0,Wests Tigers 32 - 18 Sydney,2013,8,19,Monday,,,0,https://www.rugbyleagueproject.org/matches/118370,Rugby League Project venue row; listed venue = Allianz Stadium
14,Rugby League: Wests Tigers v South Sydney,Sydney Football Stadium / Allianz Stadium,rugby_league,sport,rugby league,2013-08-30,,,,,,,Rugby League Project,National Youth Competition 2013,Round 25,Wests Tigers,South Sydney,12.0,16.0,Wests Tigers 12 - 16 South Sydney,2013,8,30,Friday,,,0,https://www.rugbyleagueproject.org/matches/118380,Rugby League Project venue row; listed venue = Allianz Stadium
15,Rugby League: Sydney v Gold Coast,Sydney Football Stadium / Allianz Stadium,rugby_league,sport,rugby league,2013-09-01,,,,,,,Rugby League Project,National Youth Competition 2013,Round 25,Sydney,Gold Coast,34.0,20.0,Sydney 34 - 20 Gold Coast,2013,9,1,Sunday,,,1,https://www.rugbyleagueproject.org/matches/118385,Rugby League Project venue row; listed venue = Allianz Stadium
16,Rugby League: Cronulla v North Qld,Sydney Football Stadium / Allianz Stadium,rugby_league,sport,rugby league,2013-09-14,,,,,32747.0,reported_crowd,Rugby League Project,NRL Premiership 2013,Qualif Final,Cronulla,North Qld,20.0,18.0,Cronulla 20 - 18 North Qld,2013,9,14,Saturday,,,1,https://www.rugbyleagueproject.org/matches/28968,Rugby League Project venue row; listed venue = Allianz Stadium
17,Rugby League: Penrith v Sydney,Sydney Football Stadium / Allianz Stadium,rugby_league,sport,rugby league,2013-09-14,,,,,,,Rugby League Project,National Youth Competition 2013,Quarter Final,Penrith,Sydney,48.0,22.0,Penrith 48 - 22 Sydney,2013,9,14,Saturday,,,1,https://www.rugbyleagueproject.org/matches/118396,Rugby League Project venue row; listed venue = Allianz Stadium
18,Rugby League: Sydney v Manly,Sydney Football Stadium / Allianz Stadium,rugby_league,sport,rugby league,2013-09-14,,,,,32747.0,reported_crowd,Rugby League Project,NRL Premiership 2013,Qualif Final,Sydney,Manly,4.0,0.0,Sydney 4 - 0 Manly,2013,9,14,Saturday,,,1,https://www.rugbyleagueproject.org/matches/28967,Rugby League Project venue row; listed venue = Allianz Stadium
19,Rugby League: Canberra v Wests Tigers,Sydney Football Stadium / Allianz Stadium,rugby_league,sport,rugby league,2013-09-20,,,,,,,Rugby League Project,National Youth Competition 2013,Semi Final,Canberra,Wests Tigers,36.0,16.0,Canberra 36 - 16 Wests Tigers,2013,9,20,Friday,,,0,https://www.rugbyleagueproject.org/matches/118399,Rugby League Project venue row; listed venue = Allianz Stadium
20,Rugby League: Manly v Cronulla,Sydney Football Stadium / Allianz Stadium,rugby_league,sport,rugby league,2013-09-20,,,,,23837.0,reported_crowd,Rugby League Project,NRL Premiership 2013,Semi Final,Manly,Cronulla,24.0,18.0,Manly 24 - 18 Cronulla,2013,9,20,Friday,,,0,https://www.rugbyleagueproject.org/matches/28970,Rugby League Project venue row; listed venue = Allianz Stadium
21,Rugby League: Sydney v Warriors,Sydney Football Stadium / Allianz Stadium,rugby_league,sport,rugby league,2013-09-20,,,,,,,Rugby League Project,National Youth Competition 2013,Semi Final,Sydney,Warriors,6.0,58.0,Sydney 6 - 58 Warriors,2013,9,20,Friday,,,0,https://www.rugbyleagueproject.org/matches/118400,Rugby League Project venue row; listed venue = Allianz Stadium
22,Rugby League: Penrith v Canberra,Sydney Football Stadium / Allianz Stadium,rugby_league,sport,rugby league,2013-09-28,,,,,,,Rugby League Project,National Youth Competition 2013,Prelim Final,Penrith,Canberra,36.0,20.0,Penrith 36 - 20 Canberra,2013,9,28,Saturday,,,1,https://www.rugbyleagueproject.org/matches/118402,Rugby League Project venue row; listed venue = Allianz Stadium
23,Rugby League: Sydney v Newcastle,Sydney Football Stadium / Allianz Stadium,rugby_league,sport,rugby league,2013-09-28,,,,,37752.0,reported_crowd,Rugby League Project,NRL Premiership 2013,Prelim Final,Sydney,Newcastle,40.0,14.0,Sydney 40 - 14 Newcastle,2013,9,28,Saturday,,,1,https://www.rugbyleagueproject.org/matches/28984,Rugby League Project venue row; listed venue = Allianz Stadium
24,Guy Sebastian,Sydney Football Stadium / Allianz Stadium,concert,concert,concert/performance,2013-12-04,,,,,,,setlist.fm,,,,,,,,2013,12,4,Wednesday,,,0,https://www.setlist.fm/venue/allianz-stadium-sydney-australia-6bd4f23e.html?page=3,setlist.fm venue listing; attendance usually unavailable
25,Neon Trees,Sydney Football Stadium / Allianz Stadium,concert,concert,concert/performance,2013-12-04,,,,,,,setlist.fm,,,,,,,,2013,12,4,Wednesday,,,0,https://www.setlist.fm/venue/allianz-stadium-sydney-australia-6bd4f23e.html?page=3,setlist.fm venue listing; attendance usually unavailable
26,Taylor Swift,Sydney Football Stadium / Allianz Stadium,concert,concert,concert/performance,2013-12-04,,,,,,,setlist.fm,,,,,,,,2013,12,4,Wednesday,,,0,https://www.setlist.fm/venue/allianz-stadium-sydney-australia-6bd4f23e.html?page=3,setlist.fm venue listing; attendance usually unavailable
27,Rugby League: Sydney v Wigan,Sydney Football Stadium / Allianz Stadium,rugby_league,sport,rugby league,2014-02-22,,,,,31515.0,reported_crowd,Rugby League Project,World Club Challenge 2014,Game 1,Sydney,Wigan,36.0,14.0,Sydney 36 - 14 Wigan,2014,2,22,Saturday,,,1,https://www.rugbyleagueproject.org/matches/29007,Rugby League Project venue row; listed venue = Allianz Stadium
28,Rugby League: Sydney v Parramatta,Sydney Football Stadium / Allianz Stadium,rugby_league,sport,rugby league,2014-03-15,,,,,,,Rugby League Project,National Youth Competition 2014,Round 2,Sydney,Parramatta,24.0,16.0,Sydney 24 - 16 Parramatta,2014,3,15,Saturday,,,1,https://www.rugbyleagueproject.org/matches/118416,Rugby League Project venue row; listed venue = Allianz Stadium
29,Rugby League: Sydney v Manly,Sydney Football Stadium / Allianz Stadium,rugby_league,sport,rugby league,2014-03-28,,,,,14902.0,reported_crowd,Rugby League Project,NRL Premiership 2014,Round 4,Sydney,Manly,0.0,8.0,Sydney 0 - 8 Manly,2014,3,28,Friday,,,0,https://www.rugbyleagueproject.org/matches/29366,Rugby League Project venue row; listed venue = Allianz Stadium
30,Rugby League: Sydney v Canterbury,Sydney Football Stadium / Allianz Stadium,rugby_league,sport,rugby league,2014-04-04,,,,,,,Rugby League Project,National Youth Competition 2014,Round 5,Sydney,Canterbury,44.0,12.0,Sydney 44 - 12 Canterbury,2014,4,4,Friday,,,0,https://www.rugbyleagueproject.org/matches/118436,Rugby League Project venue row; listed venue = Allianz Stadium
31,Rugby League: St Geo Illa v Sydney,Sydney Football Stadium / Allianz Stadium,rugby_league,sport,rugby league,2014-04-25,,,,,,,Rugby League Project,National Youth Competition 2014,Round 8,St Geo Illa,Sydney,24.0,22.0,St Geo Illa 24 - 22 Sydney,2014,4,25,Friday,,,0,https://www.rugbyleagueproject.org/matches/118460,Rugby League Project venue row; listed venue = Allianz Stadium
32,Rugby League: Australia v New Zealand,Sydney Football Stadium / Allianz Stadium,rugby_league,sport,rugby league,2014-05-02,,,,,25459.0,reported_crowd,Rugby League Project,Anzac Test Match 2014,Game 1,Australia,New Zealand,30.0,18.0,Australia 30 - 18 New Zealand,2014,5,2,Friday,,,0,https://www.rugbyleagueproject.org/matches/29001,Rugby League Project venue row; listed venue = Allianz Stadium
33,Rugby League: Sydney v Wests Tigers,Sydney Football Stadium / Allianz Stadium,rugby_league,sport,rugby league,2014-05-09,,,,,,,Rugby League Project,National Youth Competition 2014,Round 9,Sydney,Wests Tigers,18.0,22.0,Sydney 18 - 22 Wests Tigers,2014,5,9,Friday,,,0,https://www.rugbyleagueproject.org/matches/118468,Rugby League Project venue row; listed venue = Allianz Stadium
34,Rugby League: Newtown v Mount Pritchard,Sydney Football Stadium / Allianz Stadium,rugby_league,sport,rugby league,2014-05-31,,,,,,,Rugby League Project,NSW Cup 2014,Round 12,Newtown,Mount Pritchard,36.0,18.0,Newtown 36 - 18 Mount Pritchard,2014,5,31,Saturday,,,1,https://www.rugbyleagueproject.org/matches/63157,Rugby League Project venue row; listed venue = Allianz Stadium
35,Rugby League: Sydney v Canberra,Sydney Football Stadium / Allianz Stadium,rugby_league,sport,rugby league,2014-05-31,,,,,,,Rugby League Project,National Youth Competition 2014,Round 12,Sydney,Canberra,30.0,29.0,Sydney 30 - 29 Canberra,2014,5,31,Saturday,,,1,https://www.rugbyleagueproject.org/matches/118490,Rugby League Project venue row; listed venue = Allianz Stadium
36,Rugby League: Sydney v Newcastle,Sydney Football Stadium / Allianz Stadium,rugby_league,sport,rugby league,2014-06-14,,,,,,,Rugby League Project,National Youth Competition 2014,Round 14,Sydney,Newcastle,24.0,28.0,Sydney 24 - 28 Newcastle,2014,6,14,Saturday,,,1,https://www.rugbyleagueproject.org/matches/118505,Rugby League Project venue row; listed venue = Allianz Stadium
37,Rugby League: Sydney v Cronulla,Sydney Football Stadium / Allianz Stadium,rugby_league,sport,rugby league,2014-07-05,,,,,,,Rugby League Project,National Youth Competition 2014,Round 17,Sydney,Cronulla,34.0,16.0,Sydney 34 - 16 Cronulla,2014,7,5,Saturday,,,1,https://www.rugbyleagueproject.org/matches/118523,Rugby League Project venue row; listed venue = Allianz Stadium
38,Rugby League: Newtown v Penrith,Sydney Football Stadium / Allianz Stadium,rugby_league,sport,rugby league,2014-07-19,,,,,,,Rugby League Project,NSW Cup 2014,Round 19,Newtown,Penrith,31.0,30.0,Newtown 31 - 30 Penrith,2014,7,19,Saturday,,,1,https://www.rugbyleagueproject.org/matches/63196,Rugby League Project venue row; listed venue = Allianz Stadium
39,Rugby League: Sydney v Penrith,Sydney Football Stadium / Allianz Stadium,rugby_league,sport,rugby league,2014-07-19,,,,,,,Rugby League Project,National Youth Competition 2014,Round 19,Sydney,Penrith,32.0,18.0,Sydney 32 - 18 Penrith,2014,7,19,Saturday,,,1,https://www.rugbyleagueproject.org/matches/118534,Rugby League Project venue row; listed venue = Allianz Stadium
40,Rugby League: Sydney v St Geo Illa,Sydney Football Stadium / Allianz Stadium,rugby_league,sport,rugby league,2014-08-02,,,,,,,Rugby League Project,National Youth Competition 2014,Round 21,Sydney,St Geo Illa,20.0,22.0,Sydney 20 - 22 St Geo Illa,2014,8,2,Saturday,,,1,https://www.rugbyleagueproject.org/matches/118554,Rugby League Project venue row; listed venue = Allianz Stadium
41,Rugby League: Sydney v Gold Coast,Sydney Football Stadium / Allianz Stadium,rugby_league,sport,rugby league,2014-08-11,,,,,,,Rugby League Project,National Youth Competition 2014,Round 22,Sydney,Gold Coast,46.0,16.0,Sydney 46 - 16 Gold Coast,2014,8,11,Monday,,,0,https://www.rugbyleagueproject.org/matches/118563,Rugby League Project venue row; listed venue = Allianz Stadium
42,Rugby League: Sydney v Melbourne,Sydney Football Stadium / Allianz Stadium,rugby_league,sport,rugby league,2014-08-30,,,,,13879.0,reported_crowd,Rugby League Project,NRL Premiership 2014,Round 25,Sydney,Melbourne,24.0,12.0,Sydney 24 - 12 Melbourne,2014,8,30,Saturday,,,1,https://www.rugbyleagueproject.org/matches/29522,Rugby League Project venue row; listed venue = Allianz Stadium
43,Rugby League: Sydney v South Sydney,Sydney Football Stadium / Allianz Stadium,rugby_league,sport,rugby league,2014-09-04,,,,,,,Rugby League Project,National Youth Competition 2014,Round 26,Sydney,South Sydney,22.0,24.0,Sydney 22 - 24 South Sydney,2014,9,4,Thursday,,,0,https://www.rugbyleagueproject.org/matches/118588,Rugby League Project venue row; listed venue = Allianz Stadium
44,Hot Potato Band,Sydney Football Stadium / Allianz Stadium,concert,concert,concert/performance,2014-09-12,,,,,,,setlist.fm,,,,,,,,2014,9,12,Friday,,,0,https://www.setlist.fm/venue/allianz-stadium-sydney-australia-6bd4f23e.html?page=3,setlist.fm venue listing; attendance usually unavailable
45,Rugby League: Manly v South Sydney,Sydney Football Stadium / Allianz Stadium,rugby_league,sport,rugby league,2014-09-12,,,,,25733.0,reported_crowd,Rugby League Project,NRL Premiership 2014,Qualif Final,Manly,South Sydney,24.0,40.0,Manly 24 - 40 South Sydney,2014,9,12,Friday,,,0,https://www.rugbyleagueproject.org/matches/29735,Rugby League Project venue row; listed venue = Allianz Stadium
46,Rugby League: Wests Tigers v South Sydney,Sydney Football Stadium / Allianz Stadium,rugby_league,sport,rugby league,2014-09-12,,,,,,,Rugby League Project,National Youth Competition 2014,Quarter Final,Wests Tigers,South Sydney,28.0,24.0,Wests Tigers 28 - 24 South Sydney,2014,9,12,Friday,,,0,https://www.rugbyleagueproject.org/matches/118596,Rugby League Project venue row; listed venue = Allianz Stadium
47,Hot Potato Band,Sydney Football Stadium / Allianz Stadium,concert,concert,concert/performance,2014-09-13,,,,,,,setlist.fm,,,,,,,,2014,9,13,Saturday,,,1,https://www.setlist.fm/venue/allianz-stadium-sydney-australia-6bd4f23e.html?page=3,setlist.fm venue listing; attendance usually unavailable
48,Rugby League: Newcastle v St Geo Illa,Sydney Football Stadium / Allianz Stadium,rugby_league,sport,rugby league,2014-09-13,,,,,,,Rugby League Project,National Youth Competition 2014,Quarter Final,Newcastle,St Geo Illa,22.0,30.0,Newcastle 22 - 30 St Geo Illa,2014,9,13,Saturday,,,1,https://www.rugbyleagueproject.org/matches/118597,Rugby League Project venue row; listed venue = Allianz Stadium
49,Rugby League: Sydney v Penrith,Sydney Football Stadium / Allianz Stadium,rugby_league,sport,rugby league,2014-09-13,,,,,23449.0,reported_crowd,Rugby League Project,NRL Premiership 2014,Qualif Final,Sydney,Penrith,18.0,19.0,Sydney 18 - 19 Penrith,2014,9,13,Saturday,,,1,https://www.rugbyleagueproject.org/matches/29736,Rugby League Project venue row; listed venue = Allianz Stadium
50,Rugby League: Sydney v Warriors,Sydney Football Stadium / Allianz Stadium,rugby_league,sport,rugby league,2014-09-13,,,,,,,Rugby League Project,National Youth Competition 2014,Quarter Final,Sydney,Warriors,30.0,44.0,Sydney 30 - 44 Warriors,2014,9,13,Saturday,,,1,https://www.rugbyleagueproject.org/matches/118598,Rugby League Project venue row; listed venue = Allianz Stadium
51,Rugby League: Brisbane v Wests Tigers,Sydney Football Stadium / Allianz Stadium,rugby_league,sport,rugby league,2014-09-19,,,,,,,Rugby League Project,National Youth Competition 2014,Semi Final,Brisbane,Wests Tigers,42.0,18.0,Brisbane 42 - 18 Wests Tigers,2014,9,19,Friday,,,0,https://www.rugbyleagueproject.org/matches/118600,Rugby League Project venue row; listed venue = Allianz Stadium
52,Rugby League: Sydney v North Qld,Sydney Football Stadium / Allianz Stadium,rugby_league,sport,rugby league,2014-09-19,,,,,18355.0,reported_crowd,Rugby League Project,NRL Premiership 2014,Semi Final,Sydney,North Qld,31.0,30.0,Sydney 31 - 30 North Qld,2014,9,19,Friday,,,0,https://www.rugbyleagueproject.org/matches/29738,Rugby League Project venue row; listed venue = Allianz Stadium
53,Rugby League: Manly v Canterbury,Sydney Football Stadium / Allianz Stadium,rugby_league,sport,rugby league,2014-09-20,,,,,28186.0,reported_crowd,Rugby League Project,NRL Premiership 2014,Semi Final,Manly,Canterbury,17.0,18.0,Manly 17 - 18 Canterbury,2014,9,20,Saturday,,,1,https://www.rugbyleagueproject.org/matches/29739,Rugby League Project venue row; listed venue = Allianz Stadium
54,Rugby League: Newcastle v Warriors,Sydney Football Stadium / Allianz Stadium,rugby_league,sport,rugby league,2014-09-20,,,,,,,Rugby League Project,National Youth Competition 2014,Semi Final,Newcastle,Warriors,16.0,23.0,Newcastle 16 - 23 Warriors,2014,9,20,Saturday,,,1,https://www.rugbyleagueproject.org/matches/118601,Rugby League Project venue row; listed venue = Allianz Stadium
55,Rugby League: Penrith v Newcastle,Sydney Football Stadium / Allianz Stadium,rugby_league,sport,rugby league,2014-09-28,,,,,3258.0,reported_crowd,Rugby League Project,NSW Cup 2014,Grand Final,Penrith,Newcastle,48.0,12.0,Penrith 48 - 12 Newcastle,2014,9,28,Sunday,,,1,https://www.rugbyleagueproject.org/matches/63250,Rugby League Project venue row; listed venue = Allianz Stadium
56,McBusted,Sydney Football Stadium / Allianz Stadium,concert,concert,concert/performance,2015-02-07,,,,,,,setlist.fm,,,,,,,,2015,2,7,Saturday,,,1,https://www.setlist.fm/venue/allianz-stadium-sydney-australia-6bd4f23e.html?page=3,setlist.fm venue listing; attendance usually unavailable
57,One Direction,Sydney Football Stadium / Allianz Stadium,concert,concert,concert/performance,2015-02-07,,,,,,,setlist.fm,,,,,,,,2015,2,7,Saturday,,,1,https://www.setlist.fm/venue/allianz-stadium-sydney-australia-6bd4f23e.html?page=3,setlist.fm venue listing; attendance usually unavailable
58,Samantha Jade,Sydney Football Stadium / Allianz Stadium,concert,concert,concert/performance,2015-02-07,,,,,,,setlist.fm,,,,,,,,2015,2,7,Saturday,,,1,https://www.setlist.fm/venue/allianz-stadium-sydney-australia-6bd4f23e.html?page=3,setlist.fm venue listing; attendance usually unavailable
59,McBusted,Sydney Football Stadium / Allianz Stadium,concert,concert,concert/performance,2015-02-08,,,,,,,setlist.fm,,,,,,,,2015,2,8,Sunday,,,1,https://www.setlist.fm/venue/allianz-stadium-sydney-australia-6bd4f23e.html?page=2,setlist.fm venue listing; attendance usually unavailable
60,One Direction,Sydney Football Stadium / Allianz Stadium,concert,concert,concert/performance,2015-02-08,,,,,,,setlist.fm,,,,,,,,2015,2,8,Sunday,,,1,https://www.setlist.fm/venue/allianz-stadium-sydney-australia-6bd4f23e.html?page=2,setlist.fm venue listing; attendance usually unavailable
61,Samantha Jade,Sydney Football Stadium / Allianz Stadium,concert,concert,concert/performance,2015-02-08,,,,,,,setlist.fm,,,,,,,,2015,2,8,Sunday,,,1,https://www.setlist.fm/venue/allianz-stadium-sydney-australia-6bd4f23e.html?page=2,setlist.fm venue listing; attendance usually unavailable
62,Rugby League: Sydney v Penrith,Sydney Football Stadium / Allianz Stadium,rugby_league,sport,rugby league,2015-03-23,,,,,,,Rugby League Project,National Youth Competition 2015,Round 3,Sydney,Penrith,18.0,28.0,Sydney 18 - 28 Penrith,2015,3,23,Monday,,,0,https://www.rugbyleagueproject.org/matches/118628,Rugby League Project venue row; listed venue = Allianz Stadium
63,Rugby League: Sydney v Canberra,Sydney Football Stadium / Allianz Stadium,rugby_league,sport,rugby league,2015-03-29,,,,,,,Rugby League Project,National Youth Competition 2015,Round 4,Sydney,Canberra,46.0,16.0,Sydney 46 - 16 Canberra,2015,3,29,Sunday,,,1,https://www.rugbyleagueproject.org/matches/118636,Rugby League Project venue row; listed venue = Allianz Stadium
64,Rugby League: Sydney v Cronulla,Sydney Football Stadium / Allianz Stadium,rugby_league,sport,rugby league,2015-04-05,,,,,,,Rugby League Project,National Youth Competition 2015,Round 5,Sydney,Cronulla,68.0,6.0,Sydney 68 - 6 Cronulla,2015,4,5,Sunday,,,1,https://www.rugbyleagueproject.org/matches/118641,Rugby League Project venue row; listed venue = Allianz Stadium
65,Rugby League: Sydney v St Geo Illa,Sydney Football Stadium / Allianz Stadium,rugby_league,sport,rugby league,2015-04-25,,,,,,,Rugby League Project,National Youth Competition 2015,Round 8,Sydney,St Geo Illa,50.0,14.0,Sydney 50 - 14 St Geo Illa,2015,4,25,Saturday,,,1,https://www.rugbyleagueproject.org/matches/118664,Rugby League Project venue row; listed venue = Allianz Stadium
66,Rugby League: Sydney v Wests Tigers,Sydney Football Stadium / Allianz Stadium,rugby_league,sport,rugby league,2015-05-08,,,,,,,Rugby League Project,National Youth Competition 2015,Round 9,Sydney,Wests Tigers,38.0,28.0,Sydney 38 - 28 Wests Tigers,2015,5,8,Friday,,,0,https://www.rugbyleagueproject.org/matches/118670,Rugby League Project venue row; listed venue = Allianz Stadium
67,Rugby League: Sydney v Melbourne,Sydney Football Stadium / Allianz Stadium,rugby_league,sport,rugby league,2015-06-01,,,,,,,Rugby League Project,National Youth Competition 2015,Round 12,Sydney,Melbourne,38.0,29.0,Sydney 38 - 29 Melbourne,2015,6,1,Monday,,,0,https://www.rugbyleagueproject.org/matches/118695,Rugby League Project venue row; listed venue = Allianz Stadium
68,Rugby League: St Geo Illa v Sydney,Sydney Football Stadium / Allianz Stadium,rugby_league,sport,rugby league,2015-06-22,,,,,,,Rugby League Project,National Youth Competition 2015,Round 15,St Geo Illa,Sydney,34.0,12.0,St Geo Illa 34 - 12 Sydney,2015,6,22,Monday,,,0,https://www.rugbyleagueproject.org/matches/118714,Rugby League Project venue row; listed venue = Allianz Stadium
69,Rugby League: Sydney v Warriors,Sydney Football Stadium / Allianz Stadium,rugby_league,sport,rugby league,2015-07-19,,,,,,,Rugby League Project,National Youth Competition 2015,Round 19,Sydney,Warriors,20.0,42.0,Sydney 20 - 42 Warriors,2015,7,19,Sunday,,,1,https://www.rugbyleagueproject.org/matches/118739,Rugby League Project venue row; listed venue = Allianz Stadium
70,Rugby League: Sydney v Canterbury,Sydney Football Stadium / Allianz Stadium,rugby_league,sport,rugby league,2015-07-31,,,,,,,Rugby League Project,National Youth Competition 2015,Round 21,Sydney,Canterbury,30.0,26.0,Sydney 30 - 26 Canterbury,2015,7,31,Friday,,,0,https://www.rugbyleagueproject.org/matches/118750,Rugby League Project venue row; listed venue = Allianz Stadium
71,Rugby League: Sydney v Parramatta,Sydney Football Stadium / Allianz Stadium,rugby_league,sport,rugby league,2015-08-15,,,,,,,Rugby League Project,National Youth Competition 2015,Round 23,Sydney,Parramatta,38.0,26.0,Sydney 38 - 26 Parramatta,2015,8,15,Saturday,,,1,https://www.rugbyleagueproject.org/matches/118770,Rugby League Project venue row; listed venue = Allianz Stadium
72,Rugby League: Sydney v Brisbane,Sydney Football Stadium / Allianz Stadium,rugby_league,sport,rugby league,2015-08-22,,,,,,,Rugby League Project,National Youth Competition 2015,Round 24,Sydney,Brisbane,16.0,24.0,Sydney 16 - 24 Brisbane,2015,8,22,Saturday,,,1,https://www.rugbyleagueproject.org/matches/118777,Rugby League Project venue row; listed venue = Allianz Stadium
73,Rugby League: South Sydney v Brisbane,Sydney Football Stadium / Allianz Stadium,rugby_league,sport,rugby league,2015-08-27,,,,,,,Rugby League Project,National Youth Competition 2015,Round 25,South Sydney,Brisbane,26.0,24.0,South Sydney 26 - 24 Brisbane,2015,8,27,Thursday,,,0,https://www.rugbyleagueproject.org/matches/118781,Rugby League Project venue row; listed venue = Allianz Stadium
74,Rugby League: Sydney v South Sydney,Sydney Football Stadium / Allianz Stadium,rugby_league,sport,rugby league,2015-09-04,,,,,,,Rugby League Project,National Youth Competition 2015,Round 26,Sydney,South Sydney,22.0,22.0,Sydney 22 - 22 South Sydney,2015,9,4,Friday,,,0,https://www.rugbyleagueproject.org/matches/118790,Rugby League Project venue row; listed venue = Allianz Stadium
75,Rugby League: Sydney v Melbourne,Sydney Football Stadium / Allianz Stadium,rugby_league,sport,rugby league,2015-09-11,,,,,20521.0,reported_crowd,Rugby League Project,NRL Premiership 2015,Qualif Final,Sydney,Melbourne,18.0,20.0,Sydney 18 - 20 Melbourne,2015,9,11,Friday,,,0,https://www.rugbyleagueproject.org/matches/30747,Rugby League Project venue row; listed venue = Allianz Stadium
76,Rugby League: Sydney v Warriors,Sydney Football Stadium / Allianz Stadium,rugby_league,sport,rugby league,2015-09-11,,,,,,,Rugby League Project,National Youth Competition 2015,Quarter Final,Sydney,Warriors,22.0,32.0,Sydney 22 - 32 Warriors,2015,9,11,Friday,,,0,https://www.rugbyleagueproject.org/matches/118797,Rugby League Project venue row; listed venue = Allianz Stadium
77,Rugby League: Cronulla v South Sydney,Sydney Football Stadium / Allianz Stadium,rugby_league,sport,rugby league,2015-09-13,,,,,27031.0,reported_crowd,Rugby League Project,NRL Premiership 2015,Qualif Final,Cronulla,South Sydney,28.0,12.0,Cronulla 28 - 12 South Sydney,2015,9,13,Sunday,,,1,https://www.rugbyleagueproject.org/matches/30744,Rugby League Project venue row; listed venue = Allianz Stadium
78,Rugby League: Wests Tigers v Canberra,Sydney Football Stadium / Allianz Stadium,rugby_league,sport,rugby league,2015-09-13,,,,,,,Rugby League Project,National Youth Competition 2015,Quarter Final,Wests Tigers,Canberra,24.0,22.0,Wests Tigers 24 - 22 Canberra,2015,9,13,Sunday,,,1,https://www.rugbyleagueproject.org/matches/118800,Rugby League Project venue row; listed venue = Allianz Stadium
79,Rugby League: Manly v Wests Tigers,Sydney Football Stadium / Allianz Stadium,rugby_league,sport,rugby league,2015-09-18,,,,,,,Rugby League Project,National Youth Competition 2015,Semi Final,Manly,Wests Tigers,28.0,22.0,Manly 28 - 22 Wests Tigers,2015,9,18,Friday,,,0,https://www.rugbyleagueproject.org/matches/118801,Rugby League Project venue row; listed venue = Allianz Stadium
80,Rugby League: Sydney v Canterbury,Sydney Football Stadium / Allianz Stadium,rugby_league,sport,rugby league,2015-09-18,,,,,35711.0,reported_crowd,Rugby League Project,NRL Premiership 2015,Semi Final,Sydney,Canterbury,38.0,12.0,Sydney 38 - 12 Canterbury,2015,9,18,Friday,,,0,https://www.rugbyleagueproject.org/matches/30749,Rugby League Project venue row; listed venue = Allianz Stadium
81,Ed Sheeran,Sydney Football Stadium / Allianz Stadium,concert,concert,concert/performance,2015-12-09,,,,,,,setlist.fm,,,,,,,,2015,12,9,Wednesday,,,0,https://www.setlist.fm/venue/allianz-stadium-sydney-australia-6bd4f23e.html?page=2,setlist.fm venue listing; attendance usually unavailable
82,Foy Vance,Sydney Football Stadium / Allianz Stadium,concert,concert,concert/performance,2015-12-09,,,,,,,setlist.fm,,,,,,,,2015,12,9,Wednesday,,,0,https://www.setlist.fm/venue/allianz-stadium-sydney-australia-6bd4f23e.html?page=2,setlist.fm venue listing; attendance usually unavailable
83,Passenger,Sydney Football Stadium / Allianz Stadium,concert,concert,concert/performance,2015-12-09,,,,,,,setlist.fm,,,,,,,,2015,12,9,Wednesday,,,0,https://www.setlist.fm/venue/allianz-stadium-sydney-australia-6bd4f23e.html?page=2,setlist.fm venue listing; attendance usually unavailable
84,Rudimental,Sydney Football Stadium / Allianz Stadium,concert,concert,concert/performance,2015-12-09,,,,,,,setlist.fm,,,,,,,,2015,12,9,Wednesday,,,0,https://www.setlist.fm/venue/allianz-stadium-sydney-australia-6bd4f23e.html?page=2,setlist.fm venue listing; attendance usually unavailable
85,Rugby League: Sydney v South Sydney,Sydney Football Stadium / Allianz Stadium,rugby_league,sport,rugby league,2016-03-06,,,,,,,Rugby League Project,National Youth Competition 2016,Round 1,Sydney,South Sydney,40.0,20.0,Sydney 40 - 20 South Sydney,2016,3,6,Sunday,,,1,https://www.rugbyleagueproject.org/matches/118811,Rugby League Project venue row; listed venue = Allianz Stadium
86,Rugby League: Sydney v Manly,Sydney Football Stadium / Allianz Stadium,rugby_league,sport,rugby league,2016-03-26,,,,,,,Rugby League Project,National Youth Competition 2016,Round 4,Sydney,Manly,42.0,23.0,Sydney 42 - 23 Manly,2016,3,26,Saturday,,,1,https://www.rugbyleagueproject.org/matches/118833,Rugby League Project venue row; listed venue = Allianz Stadium
87,Rugby League: Sydney v Penrith,Sydney Football Stadium / Allianz Stadium,rugby_league,sport,rugby league,2016-04-18,,,,,,,Rugby League Project,National Youth Competition 2016,Round 7,Sydney,Penrith,4.0,50.0,Sydney 4 - 50 Penrith,2016,4,18,Monday,,,0,https://www.rugbyleagueproject.org/matches/118861,Rugby League Project venue row; listed venue = Allianz Stadium
88,Rugby League: St Geo Illa v Sydney,Sydney Football Stadium / Allianz Stadium,rugby_league,sport,rugby league,2016-04-25,,,,,,,Rugby League Project,National Youth Competition 2016,Round 8,St Geo Illa,Sydney,38.0,26.0,St Geo Illa 38 - 26 Sydney,2016,4,25,Monday,,,0,https://www.rugbyleagueproject.org/matches/118869,Rugby League Project venue row; listed venue = Allianz Stadium
89,Rugby League: Sydney v Newcastle,Sydney Football Stadium / Allianz Stadium,rugby_league,sport,rugby league,2016-04-30,,,,,,,Rugby League Project,National Youth Competition 2016,Round 9,Sydney,Newcastle,34.0,16.0,Sydney 34 - 16 Newcastle,2016,4,30,Saturday,,,1,https://www.rugbyleagueproject.org/matches/118873,Rugby League Project venue row; listed venue = Allianz Stadium
90,Rugby League: Sydney v Wests Tigers,Sydney Football Stadium / Allianz Stadium,rugby_league,sport,rugby league,2016-06-05,,,,,3622.0,reported_crowd,Rugby League Project,NRL Premiership 2016,Round 13,Sydney,Wests Tigers,32.0,18.0,Sydney 32 - 18 Wests Tigers,2016,6,5,Sunday,,,1,https://www.rugbyleagueproject.org/matches/31076,Rugby League Project venue row; listed venue = Allianz Stadium
91,Rugby League: Sydney v Melbourne,Sydney Football Stadium / Allianz Stadium,rugby_league,sport,rugby league,2016-06-11,,,,,,,Rugby League Project,National Youth Competition 2016,Round 14,Sydney,Melbourne,42.0,20.0,Sydney 42 - 20 Melbourne,2016,6,11,Saturday,,,1,https://www.rugbyleagueproject.org/matches/118908,Rugby League Project venue row; listed venue = Allianz Stadium
92,Rugby League: Sydney v Canterbury,Sydney Football Stadium / Allianz Stadium,rugby_league,sport,rugby league,2016-06-30,,,,,,,Rugby League Project,National Youth Competition 2016,Round 17,Sydney,Canterbury,34.0,20.0,Sydney 34 - 20 Canterbury,2016,6,30,Thursday,,,0,https://www.rugbyleagueproject.org/matches/118924,Rugby League Project venue row; listed venue = Allianz Stadium
93,Rugby League: Sydney v Cronulla,Sydney Football Stadium / Allianz Stadium,rugby_league,sport,rugby league,2016-07-18,,,,,,,Rugby League Project,National Youth Competition 2016,Round 19,Sydney,Cronulla,38.0,28.0,Sydney 38 - 28 Cronulla,2016,7,18,Monday,,,0,https://www.rugbyleagueproject.org/matches/118941,Rugby League Project venue row; listed venue = Allianz Stadium
94,Rugby League: South Sydney v Manly,Sydney Football Stadium / Allianz Stadium,rugby_league,sport,rugby league,2016-07-25,,,,,,,Rugby League Project,National Youth Competition 2016,Round 20,South Sydney,Manly,44.0,40.0,South Sydney 44 - 40 Manly,2016,7,25,Monday,,,0,https://www.rugbyleagueproject.org/matches/118949,Rugby League Project venue row; listed venue = Allianz Stadium
95,Rugby League: Sydney v Brisbane,Sydney Football Stadium / Allianz Stadium,rugby_league,sport,rugby league,2016-07-28,,,,,,,Rugby League Project,National Youth Competition 2016,Round 21,Sydney,Brisbane,38.0,24.0,Sydney 38 - 24 Brisbane,2016,7,28,Thursday,,,0,https://www.rugbyleagueproject.org/matches/118950,Rugby League Project venue row; listed venue = Allianz Stadium
96,Rugby League: Sydney v North QLD,Sydney Football Stadium / Allianz Stadium,rugby_league,sport,rugby league,2016-08-14,,,,,,,Rugby League Project,National Youth Competition 2016,Round 23,Sydney,North QLD,42.0,24.0,Sydney 42 - 24 North QLD,2016,8,14,Sunday,,,1,https://www.rugbyleagueproject.org/matches/118973,Rugby League Project venue row; listed venue = Allianz Stadium
97,Rugby League: Sydney v North Qld,Sydney Football Stadium / Allianz Stadium,rugby_league,sport,rugby league,2016-08-14,,,,,8760.0,reported_crowd,Rugby League Project,NRL Premiership 2016,Round 23,Sydney,North Qld,22.0,10.0,Sydney 22 - 10 North Qld,2016,8,14,Sunday,,,1,https://www.rugbyleagueproject.org/matches/31195,Rugby League Project venue row; listed venue = Allianz Stadium
98,Rugby League: Sydney v St Geo Illa,Sydney Football Stadium / Allianz Stadium,rugby_league,sport,rugby league,2016-08-21,,,,,,,Rugby League Project,National Youth Competition 2016,Round 24,Sydney,St Geo Illa,24.0,25.0,Sydney 24 - 25 St Geo Illa,2016,8,21,Sunday,,,1,https://www.rugbyleagueproject.org/matches/118980,Rugby League Project venue row; listed venue = Allianz Stadium
99,Rugby League: Penrith v Canterbury,Sydney Football Stadium / Allianz Stadium,rugby_league,sport,rugby league,2016-09-11,,,,,22631.0,reported_crowd,Rugby League Project,NRL Premiership 2016,Qualif Final,Penrith,Canterbury,28.0,12.0,Penrith 28 - 12 Canterbury,2016,9,11,Sunday,,,1,https://www.rugbyleagueproject.org/matches/31262,Rugby League Project venue row; listed venue = Allianz Stadium
100,Rugby League: Penrith v Cronulla,Sydney Football Stadium / Allianz Stadium,rugby_league,sport,rugby league,2016-09-11,,,,,,,Rugby League Project,National Youth Competition 2016,Quarter Final,Penrith,Cronulla,28.0,6.0,Penrith 28 - 6 Cronulla,2016,9,11,Sunday,,,1,https://www.rugbyleagueproject.org/matches/119001,Rugby League Project venue row; listed venue = Allianz Stadium
101,Rugby League: Wests Tigers v Parramatta,Sydney Football Stadium / Allianz Stadium,rugby_league,sport,rugby league,2016-09-11,,,,,,,Rugby League Project,National Youth Competition 2016,Quarter Final,Wests Tigers,Parramatta,54.0,24.0,Wests Tigers 54 - 24 Parramatta,2016,9,11,Sunday,,,1,https://www.rugbyleagueproject.org/matches/119000,Rugby League Project venue row; listed venue = Allianz Stadium
102,Rugby League: Cronulla v North Qld,Sydney Football Stadium / Allianz Stadium,rugby_league,sport,rugby league,2016-09-23,,,,,36717.0,reported_crowd,Rugby League Project,NRL Premiership 2016,Prelim Final,Cronulla,North Qld,32.0,20.0,Cronulla 32 - 20 North Qld,2016,9,23,Friday,,,0,https://www.rugbyleagueproject.org/matches/31268,Rugby League Project venue row; listed venue = Allianz Stadium
103,Rugby League: Penrith v North QLD,Sydney Football Stadium / Allianz Stadium,rugby_league,sport,rugby league,2016-09-23,,,,,,,Rugby League Project,National Youth Competition 2016,Prelim Final,Penrith,North QLD,32.0,16.0,Penrith 32 - 16 North QLD,2016,9,23,Friday,,,0,https://www.rugbyleagueproject.org/matches/119004,Rugby League Project venue row; listed venue = Allianz Stadium
104,Rugby League: St Geo Illa v Sydney,Sydney Football Stadium / Allianz Stadium,rugby_league,sport,rugby league,2016-09-23,,,,,,,Rugby League Project,National Youth Competition 2016,Prelim Final,St Geo Illa,Sydney,20.0,26.0,St Geo Illa 20 - 26 Sydney,2016,9,23,Friday,,,0,https://www.rugbyleagueproject.org/matches/119005,Rugby League Project venue row; listed venue = Allianz Stadium
105,Coldplay,Sydney Football Stadium / Allianz Stadium,concert,concert,concert/performance,2016-12-13,,,,,,,setlist.fm,,,,,,,,2016,12,13,Tuesday,,,0,https://www.setlist.fm/venue/allianz-stadium-sydney-australia-6bd4f23e.html?page=2,setlist.fm venue listing; attendance usually unavailable
106,Jess Kent,Sydney Football Stadium / Allianz Stadium,concert,concert,concert/performance,2016-12-13,,,,,,,setlist.fm,,,,,,,,2016,12,13,Tuesday,,,0,https://www.setlist.fm/venue/allianz-stadium-sydney-australia-6bd4f23e.html?page=2,setlist.fm venue listing; attendance usually unavailable
107,Lianne La Havas,Sydney Football Stadium / Allianz Stadium,concert,concert,concert/performance,2016-12-13,,,,,,,setlist.fm,,,,,,,,2016,12,13,Tuesday,,,0,https://www.setlist.fm/venue/allianz-stadium-sydney-australia-6bd4f23e.html?page=2,setlist.fm venue listing; attendance usually unavailable
108,Coldplay,Sydney Football Stadium / Allianz Stadium,concert,concert,concert/performance,2016-12-14,,,,,,,setlist.fm,,,,,,,,2016,12,14,Wednesday,,,0,https://www.setlist.fm/venue/allianz-stadium-sydney-australia-6bd4f23e.html,setlist.fm venue listing; attendance usually unavailable
109,Jess Kent,Sydney Football Stadium / Allianz Stadium,concert,concert,concert/performance,2016-12-14,,,,,,,setlist.fm,,,,,,,,2016,12,14,Wednesday,,,0,https://www.setlist.fm/venue/allianz-stadium-sydney-australia-6bd4f23e.html,setlist.fm venue listing; attendance usually unavailable
110,Lianne La Havas,Sydney Football Stadium / Allianz Stadium,concert,concert,concert/performance,2016-12-14,,,,,,,setlist.fm,,,,,,,,2016,12,14,Wednesday,,,0,https://www.setlist.fm/venue/allianz-stadium-sydney-australia-6bd4f23e.html,setlist.fm venue listing; attendance usually unavailable
111,Rugby League: Sydney v Canterbury,Sydney Football Stadium / Allianz Stadium,rugby_league,sport,rugby league,2017-03-09,,,,,,,Rugby League Project,National Youth Competition 2017,Round 2,Sydney,Canterbury,34.0,12.0,Sydney 34 - 12 Canterbury,2017,3,9,Thursday,,,0,https://www.rugbyleagueproject.org/matches/119015,Rugby League Project venue row; listed venue = Allianz Stadium
112,Rugby League: Sydney v Manly,Sydney Football Stadium / Allianz Stadium,rugby_league,sport,rugby league,2017-03-31,,,,,,,Rugby League Project,National Youth Competition 2017,Round 5,Sydney,Manly,66.0,14.0,Sydney 66 - 14 Manly,2017,3,31,Friday,,,0,https://www.rugbyleagueproject.org/matches/119039,Rugby League Project venue row; listed venue = Allianz Stadium
113,Rugby League: Sydney v St Geo Illa,Sydney Football Stadium / Allianz Stadium,rugby_league,sport,rugby league,2017-04-25,,,,,,,Rugby League Project,National Youth Competition 2017,Round 8,Sydney,St Geo Illa,26.0,35.0,Sydney 26 - 35 St Geo Illa,2017,4,25,Tuesday,,,0,https://www.rugbyleagueproject.org/matches/119070,Rugby League Project venue row; listed venue = Allianz Stadium
114,Rugby League: South Sydney v Manly,Sydney Football Stadium / Allianz Stadium,rugby_league,sport,rugby league,2017-04-28,,,,,,,Rugby League Project,National Youth Competition 2017,Round 9,South Sydney,Manly,20.0,38.0,South Sydney 20 - 38 Manly,2017,4,28,Friday,,,0,https://www.rugbyleagueproject.org/matches/119072,Rugby League Project venue row; listed venue = Allianz Stadium
115,Rugby League: Sydney v Parramatta,Sydney Football Stadium / Allianz Stadium,rugby_league,sport,rugby league,2017-05-14,,,,,,,Rugby League Project,National Youth Competition 2017,Round 10,Sydney,Parramatta,28.0,30.0,Sydney 28 - 30 Parramatta,2017,5,14,Sunday,,,1,https://www.rugbyleagueproject.org/matches/119086,Rugby League Project venue row; listed venue = Allianz Stadium
116,Rugby League: Sydney v Brisbane,Sydney Football Stadium / Allianz Stadium,rugby_league,sport,rugby league,2017-06-03,,,,,,,Rugby League Project,National Youth Competition 2017,Round 13,Sydney,Brisbane,14.0,22.0,Sydney 14 - 22 Brisbane,2017,6,3,Saturday,,,1,https://www.rugbyleagueproject.org/matches/119103,Rugby League Project venue row; listed venue = Allianz Stadium
117,Rugby League: Sydney v South Sydney,Sydney Football Stadium / Allianz Stadium,rugby_league,sport,rugby league,2017-07-07,,,,,,,Rugby League Project,National Youth Competition 2017,Round 18,Sydney,South Sydney,24.0,24.0,Sydney 24 - 24 South Sydney,2017,7,7,Friday,,,0,https://www.rugbyleagueproject.org/matches/119133,Rugby League Project venue row; listed venue = Allianz Stadium
118,Rugby League: Sydney v Newcastle,Sydney Football Stadium / Allianz Stadium,rugby_league,sport,rugby league,2017-07-21,,,,,,,Rugby League Project,National Youth Competition 2017,Round 20,Sydney,Newcastle,44.0,22.0,Sydney 44 - 22 Newcastle,2017,7,21,Friday,,,0,https://www.rugbyleagueproject.org/matches/119143,Rugby League Project venue row; listed venue = Allianz Stadium
119,Rugby League: Sydney v North QLD,Sydney Football Stadium / Allianz Stadium,rugby_league,sport,rugby league,2017-07-29,,,,,,,Rugby League Project,National Youth Competition 2017,Round 21,Sydney,North QLD,30.0,34.0,Sydney 30 - 34 North QLD,2017,7,29,Saturday,,,1,https://www.rugbyleagueproject.org/matches/119157,Rugby League Project venue row; listed venue = Allianz Stadium
120,Rugby League: Sydney v North Qld,Sydney Football Stadium / Allianz Stadium,rugby_league,sport,rugby league,2017-07-29,,,,,9476.0,reported_crowd,Rugby League Project,NRL Premiership 2017,Round 21,Sydney,North Qld,22.0,16.0,Sydney 22 - 16 North Qld,2017,7,29,Saturday,,,1,https://www.rugbyleagueproject.org/matches/36219,Rugby League Project venue row; listed venue = Allianz Stadium
121,Rugby League: Sydney v Wests Tigers,Sydney Football Stadium / Allianz Stadium,rugby_league,sport,rugby league,2017-08-19,,,,,,,Rugby League Project,National Youth Competition 2017,Round 24,Sydney,Wests Tigers,60.0,18.0,Sydney 60 - 18 Wests Tigers,2017,8,19,Saturday,,,1,https://www.rugbyleagueproject.org/matches/119180,Rugby League Project venue row; listed venue = Allianz Stadium
122,Rugby League: Sydney v Gold Coast,Sydney Football Stadium / Allianz Stadium,rugby_league,sport,rugby league,2017-09-02,,,,,,,Rugby League Project,National Youth Competition 2017,Round 26,Sydney,Gold Coast,60.0,24.0,Sydney 60 - 24 Gold Coast,2017,9,2,Saturday,,,1,https://www.rugbyleagueproject.org/matches/119193,Rugby League Project venue row; listed venue = Allianz Stadium
123,Rugby League: Wyong v Canterbury,Sydney Football Stadium / Allianz Stadium,rugby_league,sport,rugby league,2017-09-02,,,,,,,Rugby League Project,NSW Cup 2017,Quarter Final,Wyong,Canterbury,34.0,26.0,Wyong 34 - 26 Canterbury,2017,9,2,Saturday,,,1,https://www.rugbyleagueproject.org/matches/55901,Rugby League Project venue row; listed venue = Allianz Stadium
124,Rugby League: Brisbane v Newcastle,Sydney Football Stadium / Allianz Stadium,rugby_league,sport,rugby league,2017-09-08,,,,,,,Rugby League Project,National Youth Competition 2017,Quarter Final,Brisbane,Newcastle,30.0,26.0,Brisbane 30 - 26 Newcastle,2017,9,8,Friday,,,0,https://www.rugbyleagueproject.org/matches/119199,Rugby League Project venue row; listed venue = Allianz Stadium
125,Rugby League: Sydney v Brisbane,Sydney Football Stadium / Allianz Stadium,rugby_league,sport,rugby league,2017-09-08,,,,,21212.0,reported_crowd,Rugby League Project,NRL Premiership 2017,Qualif Final,Sydney,Brisbane,24.0,22.0,Sydney 24 - 22 Brisbane,2017,9,8,Friday,,,0,https://www.rugbyleagueproject.org/matches/36373,Rugby League Project venue row; listed venue = Allianz Stadium
126,Rugby League: Manly v Penrith,Sydney Football Stadium / Allianz Stadium,rugby_league,sport,rugby league,2017-09-09,,,,,15408.0,reported_crowd,Rugby League Project,NRL Premiership 2017,Qualif Final,Manly,Penrith,10.0,22.0,Manly 10 - 22 Penrith,2017,9,9,Saturday,,,1,https://www.rugbyleagueproject.org/matches/36375,Rugby League Project venue row; listed venue = Allianz Stadium
127,Rugby League: Penrith v St Geo Illa,Sydney Football Stadium / Allianz Stadium,rugby_league,sport,rugby league,2017-09-09,,,,,,,Rugby League Project,National Youth Competition 2017,Quarter Final,Penrith,St Geo Illa,14.0,18.0,Penrith 14 - 18 St Geo Illa,2017,9,9,Saturday,,,1,https://www.rugbyleagueproject.org/matches/119200,Rugby League Project venue row; listed venue = Allianz Stadium
128,Rugby League: Cronulla v North Qld,Sydney Football Stadium / Allianz Stadium,rugby_league,sport,rugby league,2017-09-10,,,,,16115.0,reported_crowd,Rugby League Project,NRL Premiership 2017,Qualif Final,Cronulla,North Qld,14.0,15.0,Cronulla 14 - 15 North Qld,2017,9,10,Sunday,,,1,https://www.rugbyleagueproject.org/matches/36376,Rugby League Project venue row; listed venue = Allianz Stadium
129,Rugby League: Cronulla v Parramatta,Sydney Football Stadium / Allianz Stadium,rugby_league,sport,rugby league,2017-09-10,,,,,,,Rugby League Project,National Youth Competition 2017,Quarter Final,Cronulla,Parramatta,22.0,35.0,Cronulla 22 - 35 Parramatta,2017,9,10,Sunday,,,1,https://www.rugbyleagueproject.org/matches/119202,Rugby League Project venue row; listed venue = Allianz Stadium
130,Rugby League: North QLD v Manly,Sydney Football Stadium / Allianz Stadium,rugby_league,sport,rugby league,2017-09-10,,,,,,,Rugby League Project,National Youth Competition 2017,Quarter Final,North QLD,Manly,16.0,30.0,North QLD 16 - 30 Manly,2017,9,10,Sunday,,,1,https://www.rugbyleagueproject.org/matches/119201,Rugby League Project venue row; listed venue = Allianz Stadium
131,Rugby League: Parramatta v Penrith,Sydney Football Stadium / Allianz Stadium,rugby_league,sport,rugby league,2017-09-23,,,,,,,Rugby League Project,National Youth Competition 2017,Prelim Final,Parramatta,Penrith,28.0,6.0,Parramatta 28 - 6 Penrith,2017,9,23,Saturday,,,1,https://www.rugbyleagueproject.org/matches/119206,Rugby League Project venue row; listed venue = Allianz Stadium
132,Rugby League: St Geo Illa v Manly,Sydney Football Stadium / Allianz Stadium,rugby_league,sport,rugby league,2017-09-23,,,,,,,Rugby League Project,National Youth Competition 2017,Prelim Final,St Geo Illa,Manly,18.0,34.0,St Geo Illa 18 - 34 Manly,2017,9,23,Saturday,,,1,https://www.rugbyleagueproject.org/matches/119205,Rugby League Project venue row; listed venue = Allianz Stadium
133,Rugby League: Sydney v North Qld,Sydney Football Stadium / Allianz Stadium,rugby_league,sport,rugby league,2017-09-23,,,,,28108.0,reported_crowd,Rugby League Project,NRL Premiership 2017,Prelim Final,Sydney,North Qld,16.0,29.0,Sydney 16 - 29 North Qld,2017,9,23,Saturday,,,1,https://www.rugbyleagueproject.org/matches/36384,Rugby League Project venue row; listed venue = Allianz Stadium
134,A-League: Sydney FC v Wellington Phoenix SYD 3-2 WEL,Sydney Football Stadium / Allianz Stadium,a_league,sport,football,2017-10-15,,,,,11284.0,reported_crowd,Ultimate A-League,2017-18,2,Sydney FC,Wellington Phoenix SYD 3-2 WEL,3.0,2.0,Sydney FC 3 - 2 Wellington Phoenix SYD 3-2 WEL,2017,10,15,Sunday,,,1,https://www.ultimatealeague.com/stadium/?stadium_id=7,Ultimate A-League stadium_id=7; kick-off time not available from summary table
135,A-League: Sydney FC v Western Sydney Wanderers SYD 2-2 WSW,Sydney Football Stadium / Allianz Stadium,a_league,sport,football,2017-10-21,,,,,36057.0,reported_crowd,Ultimate A-League,2017-18,3,Sydney FC,Western Sydney Wanderers SYD 2-2 WSW,2.0,2.0,Sydney FC 2 - 2 Western Sydney Wanderers SYD 2-2 WSW,2017,10,21,Saturday,,,1,https://www.ultimatealeague.com/stadium/?stadium_id=7,Ultimate A-League stadium_id=7; kick-off time not available from summary table
136,A-League: Sydney FC v Perth Glory SYD 2-0 PER,Sydney Football Stadium / Allianz Stadium,a_league,sport,football,2017-10-27,,,,,10063.0,reported_crowd,Ultimate A-League,2017-18,4,Sydney FC,Perth Glory SYD 2-0 PER,2.0,0.0,Sydney FC 2 - 0 Perth Glory SYD 2-0 PER,2017,10,27,Friday,,,0,https://www.ultimatealeague.com/stadium/?stadium_id=7,Ultimate A-League stadium_id=7; kick-off time not available from summary table
137,Rugby League: England v Lebanon,Sydney Football Stadium / Allianz Stadium,rugby_league,sport,rugby league,2017-11-04,,,,,10237.0,reported_crowd,Rugby League Project,World Cup 2017,Game 11,England,Lebanon,29.0,10.0,England 29 - 10 Lebanon,2017,11,4,Saturday,,,1,https://www.rugbyleagueproject.org/matches/36435,Rugby League Project venue row; listed venue = Allianz Stadium
138,Rugby League: Australia v Lebanon,Sydney Football Stadium / Allianz Stadium,rugby_league,sport,rugby league,2017-11-11,,,,,21127.0,reported_crowd,Rugby League Project,World Cup 2017,Game 18,Australia,Lebanon,34.0,0.0,Australia 34 - 0 Lebanon,2017,11,11,Saturday,,,1,https://www.rugbyleagueproject.org/matches/36442,Rugby League Project venue row; listed venue = Allianz Stadium
139,A-League: Sydney FC v Newcastle Jets SYD 2-1 NEW,Sydney Football Stadium / Allianz Stadium,a_league,sport,football,2017-11-18,,,,,11519.0,reported_crowd,Ultimate A-League,2017-18,7,Sydney FC,Newcastle Jets SYD 2-1 NEW,2.0,1.0,Sydney FC 2 - 1 Newcastle Jets SYD 2-1 NEW,2017,11,18,Saturday,,,1,https://www.ultimatealeague.com/stadium/?stadium_id=7,Ultimate A-League stadium_id=7; kick-off time not available from summary table
140,A-League: Sydney FC v Brisbane Roar SYD 3-1 BRI,Sydney Football Stadium / Allianz Stadium,a_league,sport,football,2017-11-25,,,,,10044.0,reported_crowd,Ultimate A-League,2017-18,8,Sydney FC,Brisbane Roar SYD 3-1 BRI,3.0,1.0,Sydney FC 3 - 1 Brisbane Roar SYD 3-1 BRI,2017,11,25,Saturday,,,1,https://www.ultimatealeague.com/stadium/?stadium_id=7,Ultimate A-League stadium_id=7; kick-off time not available from summary table
141,Amy Shark,Sydney Football Stadium / Allianz Stadium,concert,concert,concert/performance,2017-12-02,,,,,,,setlist.fm,,,,,,,,2017,12,2,Saturday,,,1,https://www.setlist.fm/venue/allianz-stadium-sydney-australia-6bd4f23e.html,setlist.fm venue listing; attendance usually unavailable
142,Charli xcx,Sydney Football Stadium / Allianz Stadium,concert,concert,concert/performance,2017-12-02,,,,,,,setlist.fm,,,,,,,,2017,12,2,Saturday,,,1,https://www.setlist.fm/venue/allianz-stadium-sydney-australia-6bd4f23e.html,setlist.fm venue listing; attendance usually unavailable
143,MØ,Sydney Football Stadium / Allianz Stadium,concert,concert,concert/performance,2017-12-02,,,,,,,setlist.fm,,,,,,,,2017,12,2,Saturday,,,1,https://www.setlist.fm/venue/allianz-stadium-sydney-australia-6bd4f23e.html,setlist.fm venue listing; attendance usually unavailable
144,Sia,Sydney Football Stadium / Allianz Stadium,concert,concert,concert/performance,2017-12-02,,,,,,,setlist.fm,,,,,,,,2017,12,2,Saturday,,,1,https://www.setlist.fm/venue/allianz-stadium-sydney-australia-6bd4f23e.html,setlist.fm venue listing; attendance usually unavailable
145,A-League: Sydney FC v Melbourne City SYD 3-1 MCY,Sydney Football Stadium / Allianz Stadium,a_league,sport,football,2017-12-15,,,,,10688.0,reported_crowd,Ultimate A-League,2017-18,11,Sydney FC,Melbourne City SYD 3-1 MCY,3.0,1.0,Sydney FC 3 - 1 Melbourne City SYD 3-1 MCY,2017,12,15,Friday,,,0,https://www.ultimatealeague.com/stadium/?stadium_id=7,Ultimate A-League stadium_id=7; kick-off time not available from summary table
146,A-League: Sydney FC v Perth Glory SYD 6-0 PER,Sydney Football Stadium / Allianz Stadium,a_league,sport,football,2017-12-30,,,,,13332.0,reported_crowd,Ultimate A-League,2017-18,13,Sydney FC,Perth Glory SYD 6-0 PER,6.0,0.0,Sydney FC 6 - 0 Perth Glory SYD 6-0 PER,2017,12,30,Saturday,,,1,https://www.ultimatealeague.com/stadium/?stadium_id=7,Ultimate A-League stadium_id=7; kick-off time not available from summary table
147,A-League: Sydney FC v Newcastle Jets SYD 2-2 NEW,Sydney Football Stadium / Allianz Stadium,a_league,sport,football,2018-01-03,,,,,18055.0,reported_crowd,Ultimate A-League,2017-18,14,Sydney FC,Newcastle Jets SYD 2-2 NEW,2.0,2.0,Sydney FC 2 - 2 Newcastle Jets SYD 2-2 NEW,2018,1,3,Wednesday,,,0,https://www.ultimatealeague.com/stadium/?stadium_id=7,Ultimate A-League stadium_id=7; kick-off time not available from summary table
148,A-League: Sydney FC v Central Coast Mariners SYD 1-1 CCM,Sydney Football Stadium / Allianz Stadium,a_league,sport,football,2018-01-20,,,,,13511.0,reported_crowd,Ultimate A-League,2017-18,17,Sydney FC,Central Coast Mariners SYD 1-1 CCM,1.0,1.0,Sydney FC 1 - 1 Central Coast Mariners SYD 1-1 CCM,2018,1,20,Saturday,,,1,https://www.ultimatealeague.com/stadium/?stadium_id=7,Ultimate A-League stadium_id=7; kick-off time not available from summary table
149,A-League: Sydney FC v Wellington Phoenix SYD 4-0 WEL,Sydney Football Stadium / Allianz Stadium,a_league,sport,football,2018-02-02,,,,,10220.0,reported_crowd,Ultimate A-League,2017-18,19,Sydney FC,Wellington Phoenix SYD 4-0 WEL,4.0,0.0,Sydney FC 4 - 0 Wellington Phoenix SYD 4-0 WEL,2018,2,2,Friday,,,0,https://www.ultimatealeague.com/stadium/?stadium_id=7,Ultimate A-League stadium_id=7; kick-off time not available from summary table
150,A-League: Sydney FC v Western Sydney Wanderers SYD 3-1 WSW,Sydney Football Stadium / Allianz Stadium,a_league,sport,football,2018-02-25,,,,,25211.0,reported_crowd,Ultimate A-League,2017-18,21,Sydney FC,Western Sydney Wanderers SYD 3-1 WSW,3.0,1.0,Sydney FC 3 - 1 Western Sydney Wanderers SYD 3-1 WSW,2018,2,25,Sunday,,,1,https://www.ultimatealeague.com/stadium/?stadium_id=7,Ultimate A-League stadium_id=7; kick-off time not available from summary table
151,Rugby League: Sydney v Canterbury,Sydney Football Stadium / Allianz Stadium,rugby_league,sport,rugby league,2018-03-16,,,,,12226.0,reported_crowd,Rugby League Project,NRL Premiership 2018,Round 2,Sydney,Canterbury,30.0,12.0,Sydney 30 - 12 Canterbury,2018,3,16,Friday,,,0,https://www.rugbyleagueproject.org/matches/36531,Rugby League Project venue row; listed venue = Allianz Stadium
152,A-League: Sydney FC v Brisbane Roar SYD 1-2 BRI,Sydney Football Stadium / Allianz Stadium,a_league,sport,football,2018-03-17,,,,,10890.0,reported_crowd,Ultimate A-League,2017-18,23,Sydney FC,Brisbane Roar SYD 1-2 BRI,1.0,2.0,Sydney FC 1 - 2 Brisbane Roar SYD 1-2 BRI,2018,3,17,Saturday,,,1,https://www.ultimatealeague.com/stadium/?stadium_id=7,Ultimate A-League stadium_id=7; kick-off time not available from summary table
153,Rugby League: Sydney v Newcastle,Sydney Football Stadium / Allianz Stadium,rugby_league,sport,rugby league,2018-03-25,,,,,15153.0,reported_crowd,Rugby League Project,NRL Premiership 2018,Round 3,Sydney,Newcastle,38.0,8.0,Sydney 38 - 8 Newcastle,2018,3,25,Sunday,,,1,https://www.rugbyleagueproject.org/matches/36545,Rugby League Project venue row; listed venue = Allianz Stadium
154,Rugby League: Sydney v Warriors,Sydney Football Stadium / Allianz Stadium,rugby_league,sport,rugby league,2018-03-31,,,,,14493.0,reported_crowd,Rugby League Project,NRL Premiership 2018,Round 4,Sydney,Warriors,6.0,30.0,Sydney 6 - 30 Warriors,2018,3,31,Saturday,,,1,https://www.rugbyleagueproject.org/matches/36549,Rugby League Project venue row; listed venue = Allianz Stadium
155,Rugby League: Wyong v Warriors,Sydney Football Stadium / Allianz Stadium,rugby_league,sport,rugby league,2018-03-31,,,,,,,Rugby League Project,NSW Cup 2018,Round 4,Wyong,Warriors,22.0,23.0,Wyong 22 - 23 Warriors,2018,3,31,Saturday,,,1,https://www.rugbyleagueproject.org/matches/55648,Rugby League Project venue row; listed venue = Allianz Stadium
156,A-League: Sydney FC v Adelaide United SYD 3-0 ADL,Sydney Football Stadium / Allianz Stadium,a_league,sport,football,2018-04-08,,,,,9110.0,reported_crowd,Ultimate A-League,2017-18,26,Sydney FC,Adelaide United SYD 3-0 ADL,3.0,0.0,Sydney FC 3 - 0 Adelaide United SYD 3-0 ADL,2018,4,8,Sunday,,,1,https://www.ultimatealeague.com/stadium/?stadium_id=7,Ultimate A-League stadium_id=7; kick-off time not available from summary table
157,Rugby League: Sydney v South Sydney,Sydney Football Stadium / Allianz Stadium,rugby_league,sport,rugby league,2018-04-12,,,,,15242.0,reported_crowd,Rugby League Project,NRL Premiership 2018,Round 6,Sydney,South Sydney,14.0,26.0,Sydney 14 - 26 South Sydney,2018,4,12,Thursday,,,0,https://www.rugbyleagueproject.org/matches/36562,Rugby League Project venue row; listed venue = Allianz Stadium
158,A-League: Sydney FC v Melbourne Victory SYD 1-0 MVC,Sydney Football Stadium / Allianz Stadium,a_league,sport,football,2018-04-13,,,,,15567.0,reported_crowd,Ultimate A-League,2017-18,27,Sydney FC,Melbourne Victory SYD 1-0 MVC,1.0,0.0,Sydney FC 1 - 0 Melbourne Victory SYD 1-0 MVC,2018,4,13,Friday,,,0,https://www.ultimatealeague.com/stadium/?stadium_id=7,Ultimate A-League stadium_id=7; kick-off time not available from summary table
159,Rugby League: St Geo Illa v Sydney,Sydney Football Stadium / Allianz Stadium,rugby_league,sport,rugby league,2018-04-25,,,,,41142.0,reported_crowd,Rugby League Project,NRL Premiership 2018,Round 8,St Geo Illa,Sydney,24.0,8.0,St Geo Illa 24 - 8 Sydney,2018,4,25,Wednesday,,,0,https://www.rugbyleagueproject.org/matches/36578,Rugby League Project venue row; listed venue = Allianz Stadium
160,A-League: Sydney FC v Melbourne Victory SYD 2-3 MVC,Sydney Football Stadium / Allianz Stadium,a_league,sport,football,2018-04-28,,,,,17775.0,reported_crowd,Ultimate A-League,2017-18,F2,Sydney FC,Melbourne Victory SYD 2-3 MVC,2.0,3.0,Sydney FC 2 - 3 Melbourne Victory SYD 2-3 MVC,2018,4,28,Saturday,,,1,https://www.ultimatealeague.com/stadium/?stadium_id=7,Ultimate A-League stadium_id=7; kick-off time not available from summary table
161,Rugby League: Sydney v Manly,Sydney Football Stadium / Allianz Stadium,rugby_league,sport,rugby league,2018-05-06,,,,,10129.0,reported_crowd,Rugby League Project,NRL Premiership 2018,Round 9,Sydney,Manly,22.0,20.0,Sydney 22 - 20 Manly,2018,5,6,Sunday,,,1,https://www.rugbyleagueproject.org/matches/36593,Rugby League Project venue row; listed venue = Allianz Stadium
162,Rugby League: Sydney v Wests Tigers,Sydney Football Stadium / Allianz Stadium,rugby_league,sport,rugby league,2018-06-03,,,,,11182.0,reported_crowd,Rugby League Project,NRL Premiership 2018,Round 13,Sydney,Wests Tigers,16.0,14.0,Sydney 16 - 14 Wests Tigers,2018,6,3,Sunday,,,1,https://www.rugbyleagueproject.org/matches/36621,Rugby League Project venue row; listed venue = Allianz Stadium
163,Rugby League: Sydney v Penrith,Sydney Football Stadium / Allianz Stadium,rugby_league,sport,rugby league,2018-06-15,,,,,10078.0,reported_crowd,Rugby League Project,NRL Premiership 2018,Round 15,Sydney,Penrith,32.0,6.0,Sydney 32 - 6 Penrith,2018,6,15,Friday,,,0,https://www.rugbyleagueproject.org/matches/36632,Rugby League Project venue row; listed venue = Allianz Stadium
164,Rugby League: Sydney v St Geo Illa,Sydney Football Stadium / Allianz Stadium,rugby_league,sport,rugby league,2018-07-29,,,,,19878.0,reported_crowd,Rugby League Project,NRL Premiership 2018,Round 20,Sydney,St Geo Illa,36.0,18.0,Sydney 36 - 18 St Geo Illa,2018,7,29,Sunday,,,1,https://www.rugbyleagueproject.org/matches/36673,Rugby League Project venue row; listed venue = Allianz Stadium
165,Rugby League: Wyong v St Geo Illa,Sydney Football Stadium / Allianz Stadium,rugby_league,sport,rugby league,2018-07-29,,,,,,,Rugby League Project,NSW Cup 2018,Round 20,Wyong,St Geo Illa,34.0,22.0,Wyong 34 - 22 St Geo Illa,2018,7,29,Sunday,,,1,https://www.rugbyleagueproject.org/matches/55738,Rugby League Project venue row; listed venue = Allianz Stadium
166,Rugby League: Sydney v North Qld,Sydney Football Stadium / Allianz Stadium,rugby_league,sport,rugby league,2018-08-04,,,,,9721.0,reported_crowd,Rugby League Project,NRL Premiership 2018,Round 21,Sydney,North Qld,26.0,20.0,Sydney 26 - 20 North Qld,2018,8,4,Saturday,,,1,https://www.rugbyleagueproject.org/matches/36679,Rugby League Project venue row; listed venue = Allianz Stadium
167,Rugby League: Sydney v Brisbane,Sydney Football Stadium / Allianz Stadium,rugby_league,sport,rugby league,2018-08-25,,,,,13263.0,reported_crowd,Rugby League Project,NRL Premiership 2018,Round 24,Sydney,Brisbane,8.0,22.0,Sydney 8 - 22 Brisbane,2018,8,25,Saturday,,,1,https://www.rugbyleagueproject.org/matches/36703,Rugby League Project venue row; listed venue = Allianz Stadium
168,Rugby League: Sydney v Cronulla,Sydney Football Stadium / Allianz Stadium,rugby_league,sport,rugby league,2018-09-08,,,,,24588.0,reported_crowd,Rugby League Project,NRL Premiership 2018,Qualif Final,Sydney,Cronulla,21.0,12.0,Sydney 21 - 12 Cronulla,2018,9,8,Saturday,,,1,https://www.rugbyleagueproject.org/matches/38341,Rugby League Project venue row; listed venue = Allianz Stadium
169,Rugby League: Cronulla v Penrith,Sydney Football Stadium / Allianz Stadium,rugby_league,sport,rugby league,2018-09-14,,,,,19211.0,reported_crowd,Rugby League Project,NRL Premiership 2018,Semi Final,Cronulla,Penrith,21.0,20.0,Cronulla 21 - 20 Penrith,2018,9,14,Friday,,,0,https://www.rugbyleagueproject.org/matches/38343,Rugby League Project venue row; listed venue = Allianz Stadium
170,Rugby League: Sydney v Brisbane,Sydney Football Stadium / Allianz Stadium,rugby_league,sport,rugby league,2018-09-14,,,,,19211.0,reported_crowd,Rugby League Project,NRLW Premiership 2018,Round 2,Sydney,Brisbane,4.0,14.0,Sydney 4 - 14 Brisbane,2018,9,14,Friday,,,0,https://www.rugbyleagueproject.org/matches/44898,Rugby League Project venue row; listed venue = Allianz Stadium
171,Rugby League: Sydney v South Sydney,Sydney Football Stadium / Allianz Stadium,rugby_league,sport,rugby league,2018-09-22,,,,,44380.0,reported_crowd,Rugby League Project,NRL Premiership 2018,Prelim Final,Sydney,South Sydney,12.0,4.0,Sydney 12 - 4 South Sydney,2018,9,22,Saturday,,,1,https://www.rugbyleagueproject.org/matches/38346,Rugby League Project venue row; listed venue = Allianz Stadium
172,Rugby League: Sydney v St Geo Illa,Sydney Football Stadium / Allianz Stadium,rugby_league,sport,rugby league,2018-09-22,,,,,44380.0,reported_crowd,Rugby League Project,NRLW Premiership 2018,Round 3,Sydney,St Geo Illa,26.0,0.0,Sydney 26 - 0 St Geo Illa,2018,9,22,Saturday,,,1,https://www.rugbyleagueproject.org/matches/44901,Rugby League Project venue row; listed venue = Allianz Stadium
173,Busby Marou,Sydney Football Stadium / Allianz Stadium,concert,concert,concert/performance,2018-10-05,,,,,,,setlist.fm,,,,,,,,2018,10,5,Friday,,,0,https://www.setlist.fm/venue/allianz-stadium-sydney-australia-6bd4f23e.html,setlist.fm venue listing; attendance usually unavailable
174,Guy Sebastian,Sydney Football Stadium / Allianz Stadium,concert,concert,concert/performance,2018-10-05,,,,,,,setlist.fm,,,,,,,,2018,10,5,Friday,,,0,https://www.setlist.fm/venue/allianz-stadium-sydney-australia-6bd4f23e.html,setlist.fm venue listing; attendance usually unavailable
175,Michael Bublé,Sydney Football Stadium / Allianz Stadium,concert,concert,concert/performance,2018-10-05,,,,,,,setlist.fm,,,,,,,,2018,10,5,Friday,,,0,https://www.setlist.fm/venue/allianz-stadium-sydney-australia-6bd4f23e.html,setlist.fm venue listing; attendance usually unavailable
