start,end,date,time,event_name,venue,location,description,hour,day_of_week,month,year,is_weekend,duration_hours,source
2026-08-09 08:15:00+00:00,2026-08-09 10:00:00+00:00,2026-08-09,08:15 AM,2026 NRLW Round 6: Sydney Roosters v Parramatta Eels,Allianz Stadium / Venues NSW,"Allianz Stadium, Driver Ave, Moore Park NSW 2021","2026 NRLW Round 6: Sydney Roosters v Parramatta Eels  | Gates Open: 6:00PM 

Get to the game and experience the excitement of live NRLW action at Allianz Stadium. 

Member Access: Member, Guest and Club Cards will admit at this event. Enjoy pre-event dining at the exclusive Bert’s Bistro and Totti’s Pasta Bar. Book your table now.

Public Tickets
https://cal.vnsw.com.au/f/29BdlQ/3yS4y

Experiences
https://cal.vnsw.com.au/f/29BdlR/3yS4y

Member Dress Regulations
https://cal.vnsw.com.au/f/29BdlS/3yS4y

Getting to Allianz Stadium
https://cal.vnsw.com.au/f/29BdlT/3yS4y

Seating Plan
https://cal.vnsw.com.au/f/29BdlV/3yS4y

Facebook
https://cal.vnsw.com.au/f/29BdlW/3yS4y

X
https://cal.vnsw.com.au/f/29BdlX/3yS4y

Manage my ECAL
https://cal.vnsw.com.au/f/29Bdm1/3yS4y

",8,Sunday,8,2026,1,1.75,https://ics.ecal.com/ecal-sub/69fc1a9f069a150002f4887d/Venues%20NSW.ics
2026-05-09 09:40:00+00:00,2026-05-09 12:30:00+00:00,2026-05-09,09:40 AM,A League Semi Final Leg 1: Sydney FC v Newcastle Jets,Allianz Stadium / Venues NSW,"Allianz Stadium, Driver Ave, Moore Park NSW 2021","A League Semi Final Leg 1: Sydney FC v Newcastle Jets  | Gates Open: 6:30PM 

Get to the game and experience the excitement of live A-Leagues action at Allianz Stadium. 

Member Access: Member, Guest and Club Cards will admit at this event. Enjoy pre-event dining at the exclusive Bert’s Bistro and Totti’s Pasta Bar. Book your table now.

Public Tickets
https://cal.vnsw.com.au/f/2fwWHH/3yS4y

Members Reserved Seats
https://cal.vnsw.com.au/f/2fvDLF/3yS4y

Members Day Passes
https://cal.vnsw.com.au/f/2fvDLF/3yS4y

Experiences
https://cal.vnsw.com.au/f/2fvDLG/3yS4y

Member Dress Regulations
https://cal.vnsw.com.au/f/2fvDLH/3yS4y

Getting to Allianz Stadium
https://cal.vnsw.com.au/f/2fvDLJ/3yS4y

Seating Plan
https://cal.vnsw.com.au/f/2fvDLK/3yS4y

Facebook
https://cal.vnsw.com.au/f/2fvDLL/3yS4y

X
https://cal.vnsw.com.au/f/2fvDLM/3yS4y

Manage my ECAL
https://cal.vnsw.com.au/f/2fvDLQ/3yS4y

",9,Saturday,5,2026,1,2.8333333333333335,https://ics.ecal.com/ecal-sub/69fc1a9f069a150002f4887d/Venues%20NSW.ics
2026-05-22 09:35:00+00:00,2026-05-22 11:35:00+00:00,2026-05-22,09:35 AM,Super Rugby Pacific Round 15: NSW Waratahs v Brumbies,Allianz Stadium / Venues NSW,"Allianz Stadium, Driver Ave, Moore Park NSW 2021","Super Rugby Pacific Round 15: NSW Waratahs v Brumbies  | Gates Open: 6:30PM 

Get to the game and experience the excitement of live Super Rugby action at Allianz Stadium. 

Member Access: Member, Guest and Club Cards will admit at this event. Enjoy pre-event dining at the exclusive Bert’s Bistro and Totti’s Pasta Bar. Book your table now.

Public Tickets
https://cal.vnsw.com.au/f/2b72xw/3yS4y

Members Reserved Seats
https://cal.vnsw.com.au/f/2fmDbP/3yS4y

Members Day Passes
https://cal.vnsw.com.au/f/2fmDbP/3yS4y

Experiences
https://cal.vnsw.com.au/f/29BdjZ/3yS4y

Member Dress Regulations
https://cal.vnsw.com.au/f/29Bdk1/3yS4y

Getting to Allianz Stadium
https://cal.vnsw.com.au/f/29Bdk2/3yS4y

Seating Plan
https://cal.vnsw.com.au/f/29Bdk3/3yS4y

Facebook
https://cal.vnsw.com.au/f/29Bdk4/3yS4y

X
https://cal.vnsw.com.au/f/29Bdk5/3yS4y

Manage my ECAL
https://cal.vnsw.com.au/f/29Bdk8/3yS4y

",9,Friday,5,2026,0,2.0,https://ics.ecal.com/ecal-sub/69fc1a9f069a150002f4887d/Venues%20NSW.ics
2026-06-21 08:15:00+00:00,2026-06-21 10:15:00+00:00,2026-06-21,08:15 AM,2026 NRL Round 16: Sydney Roosters v Cronulla-Sutherland Sharks,Allianz Stadium / Venues NSW,"Allianz Stadium, Driver Ave, Moore Park NSW 2021","2026 NRL Round 16: Sydney Roosters v Cronulla-Sutherland Sharks  | Gates Open: 3:30PM 

Get to the game and experience the excitement of live NRL action at Allianz Stadium. 

Member Access: Member, Guest and Club Cards will admit at this event. Enjoy pre-event dining at the exclusive Bert’s Bistro and Totti’s Pasta Bar. Book your table now.

Public Tickets
https://cal.vnsw.com.au/f/2c8m6N/3yS4y

Experiences
https://cal.vnsw.com.au/f/29Bdkb/3yS4y

Member Dress Regulations
https://cal.vnsw.com.au/f/29Bdkc/3yS4y

Getting to Allianz Stadium
https://cal.vnsw.com.au/f/29Bdkd/3yS4y

Seating Plan
https://cal.vnsw.com.au/f/29Bdkf/3yS4y

Facebook
https://cal.vnsw.com.au/f/29Bdkg/3yS4y

X
https://cal.vnsw.com.au/f/29Bdkh/3yS4y

Manage my ECAL
https://cal.vnsw.com.au/f/29Bdkl/3yS4y

",8,Sunday,6,2026,1,2.0,https://ics.ecal.com/ecal-sub/69fc1a9f069a150002f4887d/Venues%20NSW.ics
2026-07-04 10:00:00+00:00,2026-07-04 12:00:00+00:00,2026-07-04,10:00 AM,2026 Nations Championship: Wallabies v Ireland,Allianz Stadium / Venues NSW,"Allianz Stadium, Driver Ave, Moore Park NSW 2021","2026 Nations Championship: Wallabies v Ireland  | Gates Open: 6:30PM 

Get to the game and experience the excitement of live Rugby Union action at Allianz Stadium. 

Member Access: Member and Guest will admit at this event. Enjoy pre-event dining at the exclusive Bert’s Bistro and Totti’s Pasta Bar. Book your table now.

Public Tickets
https://cal.vnsw.com.au/f/29Bdkm/3yS4y

Members Reserved Seats
https://cal.vnsw.com.au/f/29Bdkn/3yS4y

Experiences
https://cal.vnsw.com.au/f/29Bdkp/3yS4y

Member Dress Regulations
https://cal.vnsw.com.au/f/29Bdkq/3yS4y

Getting to Allianz Stadium
https://cal.vnsw.com.au/f/29Bdkr/3yS4y

Seating Plan
https://cal.vnsw.com.au/f/29Bdks/3yS4y

Facebook
https://cal.vnsw.com.au/f/29Bdkt/3yS4y

X
https://cal.vnsw.com.au/f/29Bdkv/3yS4y

Manage my ECAL
https://cal.vnsw.com.au/f/29Bdky/3yS4y

",10,Saturday,7,2026,1,2.0,https://ics.ecal.com/ecal-sub/69fc1a9f069a150002f4887d/Venues%20NSW.ics
2026-07-11 07:15:00+00:00,2026-07-11 09:00:00+00:00,2026-07-11,07:15 AM,2026 NRLW Round 2: Sydney Roosters v Newcastle Knights,Allianz Stadium / Venues NSW,"Allianz Stadium, Driver Ave, Moore Park NSW 2021","2026 NRLW Round 2: Sydney Roosters v Newcastle Knights  | Gates Open: 4:45PM 

Get to the game and experience the excitement of live NRLW action at Allianz Stadium. 

Member Access: Member, Guest and Club Cards will admit at this event. Enjoy pre-event dining at the exclusive Bert’s Bistro and Totti’s Pasta Bar. Book your table now.

Public Tickets
https://cal.vnsw.com.au/f/2c8m6V/3yS4y

Experiences
https://cal.vnsw.com.au/f/29BdkB/3yS4y

Member Dress Regulations
https://cal.vnsw.com.au/f/29BdkC/3yS4y

Getting to Allianz Stadium
https://cal.vnsw.com.au/f/29BdkD/3yS4y

Seating Plan
https://cal.vnsw.com.au/f/29BdkF/3yS4y

Facebook
https://cal.vnsw.com.au/f/29BdkG/3yS4y

X
https://cal.vnsw.com.au/f/29BdkH/3yS4y

Manage my ECAL
https://cal.vnsw.com.au/f/29BdkL/3yS4y

",7,Saturday,7,2026,1,1.75,https://ics.ecal.com/ecal-sub/69fc1a9f069a150002f4887d/Venues%20NSW.ics
2026-07-11 09:30:00+00:00,2026-07-11 11:30:00+00:00,2026-07-11,09:30 AM,2026 NRL Round 19: Sydney Roosters v Parramatta Eels,Allianz Stadium / Venues NSW,"Allianz Stadium, Driver Ave, Moore Park NSW 2021","2026 NRL Round 19: Sydney Roosters v Parramatta Eels  | Gates Open: 4:45PM 

Get to the game and experience the excitement of live NRL action at Allianz Stadium. 

Member Access: Member, Guest and Club Cards will admit at this event. Enjoy pre-event dining at the exclusive Bert’s Bistro and Totti’s Pasta Bar. Book your table now.

Public Tickets
https://cal.vnsw.com.au/f/2c8m6Y/3yS4y

Experiences
https://cal.vnsw.com.au/f/29BdkN/3yS4y

Member Dress Regulations
https://cal.vnsw.com.au/f/29BdkP/3yS4y

Getting to Allianz Stadium
https://cal.vnsw.com.au/f/29BdkQ/3yS4y

Seating Plan
https://cal.vnsw.com.au/f/29BdkR/3yS4y

Facebook
https://cal.vnsw.com.au/f/29BdkS/3yS4y

X
https://cal.vnsw.com.au/f/29BdkT/3yS4y

Manage my ECAL
https://cal.vnsw.com.au/f/29BdkY/3yS4y

",9,Saturday,7,2026,1,2.0,https://ics.ecal.com/ecal-sub/69fc1a9f069a150002f4887d/Venues%20NSW.ics
2026-07-17 10:00:00+00:00,2026-07-17 12:00:00+00:00,2026-07-17,10:00 AM,2026 NRL Round 20: Sydney Roosters v Melbourne Storm,Allianz Stadium / Venues NSW,"Allianz Stadium, Driver Ave, Moore Park NSW 2021","2026 NRL Round 20: Sydney Roosters v Melbourne Storm  | Gates Open: 5:15PM 

Get to the game and experience the excitement of live NRL action at Allianz Stadium. 

Member Access: Member, Guest and Club Cards will admit at this event. Enjoy pre-event dining at the exclusive Bert’s Bistro and Totti’s Pasta Bar. Book your table now.

Public Tickets
https://cal.vnsw.com.au/f/2c8m71/3yS4y

Experiences
https://cal.vnsw.com.au/f/29Bdjm/3yS4y

Member Dress Regulations
https://cal.vnsw.com.au/f/29Bdjn/3yS4y

Getting to Allianz Stadium
https://cal.vnsw.com.au/f/29Bdjp/3yS4y

Seating Plan
https://cal.vnsw.com.au/f/29Bdjq/3yS4y

Facebook
https://cal.vnsw.com.au/f/29Bdjr/3yS4y

X
https://cal.vnsw.com.au/f/29Bdjs/3yS4y

Manage my ECAL
https://cal.vnsw.com.au/f/29Bdjw/3yS4y

",10,Friday,7,2026,0,2.0,https://ics.ecal.com/ecal-sub/69fc1a9f069a150002f4887d/Venues%20NSW.ics
2026-07-26 08:00:00+00:00,2026-07-26 10:00:00+00:00,2026-07-26,08:00 AM,SSC: Chelsea F.C. Open Training,Allianz Stadium / Venues NSW,"Allianz Stadium, Driver Ave, Moore Park NSW 2021","SSC: Chelsea F.C. Open Training  | Gates Open: 10:04AM 

Get to the game and experience the excitement of live Sydney Super Cup action at Allianz Stadium. 

Member Access: This event falls outside of the Sporting Club of Sydney's annual sporting and entertainment calendar. Members cards will not grant access at this event.

Public Tickets
https://cal.vnsw.com.au/f/2bYJ6p/3yS4y

Experiences
https://cal.vnsw.com.au/f/2bYJ6q/3yS4y

Member Dress Regulations
https://cal.vnsw.com.au/f/2bYJ6r/3yS4y

Getting to Allianz Stadium
https://cal.vnsw.com.au/f/2bYJ6s/3yS4y

Seating Plan
https://cal.vnsw.com.au/f/2bYJ6t/3yS4y

Facebook
https://cal.vnsw.com.au/f/2bYJ6v/3yS4y

X
https://cal.vnsw.com.au/f/2bYJ6w/3yS4y

Manage my ECAL
https://cal.vnsw.com.au/f/2bYJ6z/3yS4y

",8,Sunday,7,2026,1,2.0,https://ics.ecal.com/ecal-sub/69fc1a9f069a150002f4887d/Venues%20NSW.ics
2026-07-29 09:45:00+00:00,2026-07-29 11:45:00+00:00,2026-07-29,09:45 AM,SSC: Tottenham Hotspur v Sydney FC,Allianz Stadium / Venues NSW,"Allianz Stadium, Driver Ave, Moore Park NSW 2021","SSC: Tottenham Hotspur v Sydney FC  | Gates Open: 10:04AM 

Get to the game and experience the excitement of live Sydney Super Cup action at Allianz Stadium. 

Member Access: This event falls outside of the Sporting Club of Sydney's annual sporting and entertainment calendar. Members cards will not grant access at this event.

Public Tickets
https://cal.vnsw.com.au/f/29Bdl1/3yS4y

Experiences
https://cal.vnsw.com.au/f/29Bdl2/3yS4y

Member Dress Regulations
https://cal.vnsw.com.au/f/29Bdl3/3yS4y

Getting to Allianz Stadium
https://cal.vnsw.com.au/f/29Bdl4/3yS4y

Seating Plan
https://cal.vnsw.com.au/f/29Bdl5/3yS4y

Facebook
https://cal.vnsw.com.au/f/29Bdl6/3yS4y

X
https://cal.vnsw.com.au/f/29Bdl7/3yS4y

Manage my ECAL
https://cal.vnsw.com.au/f/29Bdlb/3yS4y

",9,Wednesday,7,2026,0,2.0,https://ics.ecal.com/ecal-sub/69fc1a9f069a150002f4887d/Venues%20NSW.ics
2026-07-31 08:00:00+00:00,2026-07-31 10:00:00+00:00,2026-07-31,08:00 AM,SSC: Tottenham Hotspur Open Training,Allianz Stadium / Venues NSW,"Allianz Stadium, Driver Ave, Moore Park NSW 2021","SSC: Tottenham Hotspur Open Training  | Gates Open: 10:04AM 

Get to the game and experience the excitement of live Sydney Super Cup action at Allianz Stadium. 

Member Access: This event falls outside of the Sporting Club of Sydney's annual sporting and entertainment calendar. Members cards will not grant access at this event.

Public Tickets
https://cal.vnsw.com.au/f/29Bdlc/3yS4y

Experiences
https://cal.vnsw.com.au/f/29Bdld/3yS4y

Member Dress Regulations
https://cal.vnsw.com.au/f/29Bdlf/3yS4y

Getting to Allianz Stadium
https://cal.vnsw.com.au/f/29Bdlg/3yS4y

Seating Plan
https://cal.vnsw.com.au/f/29Bdlh/3yS4y

Facebook
https://cal.vnsw.com.au/f/29Bdlj/3yS4y

X
https://cal.vnsw.com.au/f/29Bdlk/3yS4y

Manage my ECAL
https://cal.vnsw.com.au/f/29Bdln/3yS4y

",8,Friday,7,2026,0,2.0,https://ics.ecal.com/ecal-sub/69fc1a9f069a150002f4887d/Venues%20NSW.ics
2026-08-07 10:00:00+00:00,2026-08-07 12:00:00+00:00,2026-08-07,10:00 AM,2026 NRL Round 23: Sydney Roosters v Canterbury-Bankstown Bulldogs,Allianz Stadium / Venues NSW,"Allianz Stadium, Driver Ave, Moore Park NSW 2021","2026 NRL Round 23: Sydney Roosters v Canterbury-Bankstown Bulldogs  | Gates Open: 7:00PM 

Get to the game and experience the excitement of live NRL action at Allianz Stadium. 

Member Access: Member, Guest and Club Cards will admit at this event. Enjoy pre-event dining at the exclusive Bert’s Bistro and Totti’s Pasta Bar. Book your table now.

Public Tickets
https://cal.vnsw.com.au/f/2c8m78/3yS4y

Experiences
https://cal.vnsw.com.au/f/29Bdlq/3yS4y

Member Dress Regulations
https://cal.vnsw.com.au/f/29Bdlr/3yS4y

Getting to Allianz Stadium
https://cal.vnsw.com.au/f/29Bdls/3yS4y

Seating Plan
https://cal.vnsw.com.au/f/29Bdlt/3yS4y

Facebook
https://cal.vnsw.com.au/f/29Bdlv/3yS4y

X
https://cal.vnsw.com.au/f/29Bdlw/3yS4y

Manage my ECAL
https://cal.vnsw.com.au/f/29Bdlz/3yS4y

",10,Friday,8,2026,0,2.0,https://ics.ecal.com/ecal-sub/69fc1a9f069a150002f4887d/Venues%20NSW.ics
2026-08-08 09:35:00+00:00,2026-08-08 11:30:00+00:00,2026-08-08,09:35 AM,2026 NRL Round 23: South Sydney Rabbitohs v Parramatta Eels,Allianz Stadium / Venues NSW,"Allianz Stadium, Driver Ave, Moore Park NSW 2021","2026 NRL Round 23: South Sydney Rabbitohs v Parramatta Eels  | Gates Open: 6:30PM 

Get to the game and experience the excitement of live NRL action at Allianz Stadium. 

Member Access: Member, Guest and Club Cards will admit at this event. Enjoy pre-event dining at the exclusive Bert’s Bistro and Totti’s Pasta Bar. Book your table now.

Public Tickets
https://cal.vnsw.com.au/f/2cP6qg/3yS4y

Experiences
https://cal.vnsw.com.au/f/29BdlC/3yS4y

Member Dress Regulations
https://cal.vnsw.com.au/f/29BdlD/3yS4y

Getting to Allianz Stadium
https://cal.vnsw.com.au/f/29BdlH/3yS4y

Seating Plan
https://cal.vnsw.com.au/f/29BdlJ/3yS4y

Facebook
https://cal.vnsw.com.au/f/29BdlK/3yS4y

X
https://cal.vnsw.com.au/f/29BdlL/3yS4y

Manage my ECAL
https://cal.vnsw.com.au/f/29BdlP/3yS4y

",9,Saturday,8,2026,1,1.9166666666666667,https://ics.ecal.com/ecal-sub/69fc1a9f069a150002f4887d/Venues%20NSW.ics
2026-08-11 08:00:00+00:00,2026-08-11 10:00:00+00:00,2026-08-11,08:00 AM,SSC: Chelsea F.C. Women Open Training,Allianz Stadium / Venues NSW,"Allianz Stadium, Driver Ave, Moore Park NSW 2021","SSC: Chelsea F.C. Women Open Training  | Gates Open: 10:04AM 

Get to the game and experience the excitement of live Sydney Super Cup action at Allianz Stadium. 

Member Access: This event falls outside of the Sporting Club of Sydney's annual sporting and entertainment calendar. Members cards will not grant access at this event.

Public Tickets
https://cal.vnsw.com.au/f/29Bdm2/3yS4y

Experiences
https://cal.vnsw.com.au/f/29Bdm3/3yS4y

Member Dress Regulations
https://cal.vnsw.com.au/f/29Bdm4/3yS4y

Getting to Allianz Stadium
https://cal.vnsw.com.au/f/29Bdm5/3yS4y

Seating Plan
https://cal.vnsw.com.au/f/29Bdm6/3yS4y

Facebook
https://cal.vnsw.com.au/f/29Bdm7/3yS4y

X
https://cal.vnsw.com.au/f/29Bdm9/3yS4y

Manage my ECAL
https://cal.vnsw.com.au/f/29Bdmf/3yS4y

",8,Tuesday,8,2026,0,2.0,https://ics.ecal.com/ecal-sub/69fc1a9f069a150002f4887d/Venues%20NSW.ics
2026-08-12 09:45:00+00:00,2026-08-12 11:45:00+00:00,2026-08-12,09:45 AM,SSC: Chelsea F.C. Women v A-League Women's All Stars,Allianz Stadium / Venues NSW,"Allianz Stadium, Driver Ave, Moore Park NSW 2021","SSC: Chelsea F.C. Women v A-League Women's All Stars  | Gates Open: 10:04AM 

Get to the game and experience the excitement of live Sydney Super Cup action at Allianz Stadium. 

Member Access: This event falls outside of the Sporting Club of Sydney's annual sporting and entertainment calendar. Members cards will not grant access at this event.

Public Tickets
https://cal.vnsw.com.au/f/29Bdmg/3yS4y

Experiences
https://cal.vnsw.com.au/f/29Bdmh/3yS4y

Member Dress Regulations
https://cal.vnsw.com.au/f/29Bdmj/3yS4y

Getting to Allianz Stadium
https://cal.vnsw.com.au/f/29Bdmk/3yS4y

Seating Plan
https://cal.vnsw.com.au/f/29Bdml/3yS4y

Facebook
https://cal.vnsw.com.au/f/29Bdmm/3yS4y

X
https://cal.vnsw.com.au/f/29Bdmn/3yS4y

Manage my ECAL
https://cal.vnsw.com.au/f/29Bdmr/3yS4y

",9,Wednesday,8,2026,0,2.0,https://ics.ecal.com/ecal-sub/69fc1a9f069a150002f4887d/Venues%20NSW.ics
2026-08-22 07:15:00+00:00,2026-08-22 09:00:00+00:00,2026-08-22,07:15 AM,2026 NRLW Round 8: St George Illawarra Dragons v North Queensland Cowboys,Allianz Stadium / Venues NSW,"Allianz Stadium, Driver Ave, Moore Park NSW 2021","2026 NRLW Round 8: St George Illawarra Dragons v North Queensland Cowboys  | Gates Open: 4:45PM 

Get to the game and experience the excitement of live NRLW action at Allianz Stadium. 

Member Access: Member, Guest and Club Cards will admit at this event. Enjoy pre-event dining at the exclusive Bert’s Bistro and Totti’s Pasta Bar. Book your table now.

Public Tickets
https://cal.vnsw.com.au/f/29Bdms/3yS4y

Experiences
https://cal.vnsw.com.au/f/29Bdmt/3yS4y

Member Dress Regulations
https://cal.vnsw.com.au/f/29Bdmv/3yS4y

Getting to Allianz Stadium
https://cal.vnsw.com.au/f/29Bdmx/3yS4y

Seating Plan
https://cal.vnsw.com.au/f/29Bdmz/3yS4y

Facebook
https://cal.vnsw.com.au/f/29BdmB/3yS4y

X
https://cal.vnsw.com.au/f/29BdmC/3yS4y

Manage my ECAL
https://cal.vnsw.com.au/f/29BdmG/3yS4y

",7,Saturday,8,2026,1,1.75,https://ics.ecal.com/ecal-sub/69fc1a9f069a150002f4887d/Venues%20NSW.ics
2026-08-22 09:30:00+00:00,2026-08-22 11:30:00+00:00,2026-08-22,09:30 AM,2026 NRL Round 25: St George Illawarra Dragons v Canterbury-Bankstown Bulldogs,Allianz Stadium / Venues NSW,"Allianz Stadium, Driver Ave, Moore Park NSW 2021","2026 NRL Round 25: St George Illawarra Dragons v Canterbury-Bankstown Bulldogs  | Gates Open: 4:45PM 

Get to the game and experience the excitement of live NRL action at Allianz Stadium. 

Member Access: Member, Guest and Club Cards will admit at this event. Enjoy pre-event dining at the exclusive Bert’s Bistro and Totti’s Pasta Bar. Book your table now.

Public Tickets
https://cal.vnsw.com.au/f/29BdmH/3yS4y

Experiences
https://cal.vnsw.com.au/f/29BdmJ/3yS4y

Member Dress Regulations
https://cal.vnsw.com.au/f/29BdmK/3yS4y

Getting to Allianz Stadium
https://cal.vnsw.com.au/f/29BdmL/3yS4y

Seating Plan
https://cal.vnsw.com.au/f/29BdmM/3yS4y

Facebook
https://cal.vnsw.com.au/f/29BdmN/3yS4y

X
https://cal.vnsw.com.au/f/29BdmP/3yS4y

Manage my ECAL
https://cal.vnsw.com.au/f/29BdmS/3yS4y

",9,Saturday,8,2026,1,2.0,https://ics.ecal.com/ecal-sub/69fc1a9f069a150002f4887d/Venues%20NSW.ics
2027-10-23 03:15:00+00:00,2027-10-23 05:30:00+00:00,2027-10-23,03:15 AM,Men's RWC 2027: Round of 16 (1) - 2nd Pool C v 2nd Pool F,Allianz Stadium / Venues NSW,"Allianz Stadium, Driver Ave, Moore Park NSW 2021","Men's RWC 2027: Round of 16 (1) - 2nd Pool C v 2nd Pool F  | Gates Open: 10:04AM 

Experience live entertainment at Allianz Stadium. Purchase your tickets now! 

Member Access: This event falls outside of the Sporting Club of Sydney's annual sporting and entertainment calendar. Members cards will not grant access at this event.

Public Tickets
https://cal.vnsw.com.au/f/2bYJ8C/3yS4y

Experiences
https://cal.vnsw.com.au/f/2bYJ8F/3yS4y

Member Dress Regulations
https://cal.vnsw.com.au/f/2bYJ8G/3yS4y

Getting to Allianz Stadium
https://cal.vnsw.com.au/f/2bYJ8H/3yS4y

Facebook
https://cal.vnsw.com.au/f/2bYJ8J/3yS4y

X
https://cal.vnsw.com.au/f/2bYJ8L/3yS4y

Manage my ECAL
https://cal.vnsw.com.au/f/2bYJ8P/3yS4y

",3,Saturday,10,2027,1,2.25,https://ics.ecal.com/ecal-sub/69fc1a9f069a150002f4887d/Venues%20NSW.ics
2026-08-23 03:45:00+00:00,2026-08-23 05:30:00+00:00,2026-08-23,03:45 AM,2026 NRLW Round 8: Sydney Roosters v NZ Warriors,Allianz Stadium / Venues NSW,"Allianz Stadium, Driver Ave, Moore Park NSW 2021","2026 NRLW Round 8: Sydney Roosters v NZ Warriors  | Gates Open: 11:45AM 

Get to the game and experience the excitement of live NRLW action at Allianz Stadium. 

Member Access: Member, Guest and Club Cards will admit at this event. Enjoy pre-event dining at the exclusive Bert’s Bistro and Totti’s Pasta Bar. Book your table now.

Public Tickets
https://cal.vnsw.com.au/f/2c8m7X/3yS4y

Experiences
https://cal.vnsw.com.au/f/29BdmV/3yS4y

Member Dress Regulations
https://cal.vnsw.com.au/f/29BdmW/3yS4y

Getting to Allianz Stadium
https://cal.vnsw.com.au/f/29BdmX/3yS4y

Seating Plan
https://cal.vnsw.com.au/f/29BdmY/3yS4y

Facebook
https://cal.vnsw.com.au/f/29BdmZ/3yS4y

X
https://cal.vnsw.com.au/f/29Bdn1/3yS4y

Manage my ECAL
https://cal.vnsw.com.au/f/29Bdn4/3yS4y

",3,Sunday,8,2026,1,1.75,https://ics.ecal.com/ecal-sub/69fc1a9f069a150002f4887d/Venues%20NSW.ics
2026-08-23 06:05:00+00:00,2026-08-23 08:00:00+00:00,2026-08-23,06:05 AM,2026 NRL Round 25: Sydney Roosters v Wests Tigers,Allianz Stadium / Venues NSW,"Allianz Stadium, Driver Ave, Moore Park NSW 2021","2026 NRL Round 25: Sydney Roosters v Wests Tigers  | Gates Open: 11:45AM 

Get to the game and experience the excitement of live NRL action at Allianz Stadium. 

Member Access: Member, Guest and Club Cards will admit at this event. Enjoy pre-event dining at the exclusive Bert’s Bistro and Totti’s Pasta Bar. Book your table now.

Public Tickets
https://cal.vnsw.com.au/f/2c8m7Y/3yS4y

Experiences
https://cal.vnsw.com.au/f/29Bdn6/3yS4y

Member Dress Regulations
https://cal.vnsw.com.au/f/29Bdn7/3yS4y

Getting to Allianz Stadium
https://cal.vnsw.com.au/f/29Bdn8/3yS4y

Seating Plan
https://cal.vnsw.com.au/f/29Bdn9/3yS4y

Facebook
https://cal.vnsw.com.au/f/29Bdnb/3yS4y

X
https://cal.vnsw.com.au/f/29Bdnc/3yS4y

Manage my ECAL
https://cal.vnsw.com.au/f/29Bdnj/3yS4y

",6,Sunday,8,2026,1,1.9166666666666667,https://ics.ecal.com/ecal-sub/69fc1a9f069a150002f4887d/Venues%20NSW.ics
2026-08-29 05:15:00+00:00,2026-08-29 07:00:00+00:00,2026-08-29,05:15 AM,2026 NRLW Round 9: Sydney Roosters v Cronulla-Sutherland Sharks,Allianz Stadium / Venues NSW,"Allianz Stadium, Driver Ave, Moore Park NSW 2021","2026 NRLW Round 9: Sydney Roosters v Cronulla-Sutherland Sharks  | Gates Open: 2:45PM 

Get to the game and experience the excitement of live NRLW action at Allianz Stadium. 

Member Access: Member, Guest and Club Cards will admit at this event. Enjoy pre-event dining at the exclusive Bert’s Bistro and Totti’s Pasta Bar. Book your table now.

Public Tickets
https://cal.vnsw.com.au/f/2c8m7Z/3yS4y

Experiences
https://cal.vnsw.com.au/f/29Bdnl/3yS4y

Member Dress Regulations
https://cal.vnsw.com.au/f/29Bdnm/3yS4y

Getting to Allianz Stadium
https://cal.vnsw.com.au/f/29Bdnn/3yS4y

Seating Plan
https://cal.vnsw.com.au/f/29Bdnp/3yS4y

Facebook
https://cal.vnsw.com.au/f/29Bdnq/3yS4y

X
https://cal.vnsw.com.au/f/29Bdnr/3yS4y

Manage my ECAL
https://cal.vnsw.com.au/f/29Bdnv/3yS4y

",5,Saturday,8,2026,1,1.75,https://ics.ecal.com/ecal-sub/69fc1a9f069a150002f4887d/Venues%20NSW.ics
2026-08-29 07:30:00+00:00,2026-08-29 09:30:00+00:00,2026-08-29,07:30 AM,2026 NRL Round 26: Sydney Roosters v Dolphins,Allianz Stadium / Venues NSW,"Allianz Stadium, Driver Ave, Moore Park NSW 2021","2026 NRL Round 26: Sydney Roosters v Dolphins  | Gates Open: 2:45PM 

Get to the game and experience the excitement of live NRL action at Allianz Stadium. 

Member Access: Member, Guest and Club Cards will admit at this event. Enjoy pre-event dining at the exclusive Bert’s Bistro and Totti’s Pasta Bar. Book your table now.

Public Tickets
https://cal.vnsw.com.au/f/2c8m81/3yS4y

Experiences
https://cal.vnsw.com.au/f/29Bdnx/3yS4y

Member Dress Regulations
https://cal.vnsw.com.au/f/29Bdny/3yS4y

Getting to Allianz Stadium
https://cal.vnsw.com.au/f/29Bdnz/3yS4y

Seating Plan
https://cal.vnsw.com.au/f/29BdnB/3yS4y

Facebook
https://cal.vnsw.com.au/f/29BdnC/3yS4y

X
https://cal.vnsw.com.au/f/29BdnD/3yS4y

Manage my ECAL
https://cal.vnsw.com.au/f/29BdnH/3yS4y

",7,Saturday,8,2026,1,2.0,https://ics.ecal.com/ecal-sub/69fc1a9f069a150002f4887d/Venues%20NSW.ics
2026-09-04 10:00:00+00:00,2026-09-04 12:00:00+00:00,2026-09-04,10:00 AM,2026 NRL Round 27: South Sydney Rabbitohs v Sydney Roosters,Allianz Stadium / Venues NSW,"Allianz Stadium, Driver Ave, Moore Park NSW 2021","2026 NRL Round 27: South Sydney Rabbitohs v Sydney Roosters  | Gates Open: 6:30PM 

Get to the game and experience the excitement of live NRL action at Allianz Stadium. 

Member Access: Member, Guest and Club Cards will admit at this event. Enjoy pre-event dining at the exclusive Bert’s Bistro and Totti’s Pasta Bar. Book your table now.

Public Tickets
https://cal.vnsw.com.au/f/2cmtNP/3yS4y

Experiences
https://cal.vnsw.com.au/f/29BdnK/3yS4y

Member Dress Regulations
https://cal.vnsw.com.au/f/29BdnL/3yS4y

Getting to Allianz Stadium
https://cal.vnsw.com.au/f/29BdnM/3yS4y

Seating Plan
https://cal.vnsw.com.au/f/29BdnN/3yS4y

Facebook
https://cal.vnsw.com.au/f/29BdnP/3yS4y

X
https://cal.vnsw.com.au/f/29BdnQ/3yS4y

Manage my ECAL
https://cal.vnsw.com.au/f/29BdnT/3yS4y

",10,Friday,9,2026,0,2.0,https://ics.ecal.com/ecal-sub/69fc1a9f069a150002f4887d/Venues%20NSW.ics
2026-09-10 09:45:00+00:00,2026-09-10 11:45:00+00:00,2026-09-10,09:45 AM,2026 NRLW Round 11: Sydney Roosters v Canterbury-Bankstown Bulldogs,Allianz Stadium / Venues NSW,"Allianz Stadium, Driver Ave, Moore Park NSW 2021","2026 NRLW Round 11: Sydney Roosters v Canterbury-Bankstown Bulldogs  | Gates Open: 7:15PM 

Get to the game and experience the excitement of live NRLW action at Allianz Stadium. 

Member Access: Member, Guest and Club Cards will admit at this event. Enjoy pre-event dining at the exclusive Bert’s Bistro and Totti’s Pasta Bar. Book your table now.

Public Tickets
https://cal.vnsw.com.au/f/29BdnV/3yS4y

Experiences
https://cal.vnsw.com.au/f/29BdnW/3yS4y

Member Dress Regulations
https://cal.vnsw.com.au/f/29BdnX/3yS4y

Getting to Allianz Stadium
https://cal.vnsw.com.au/f/29BdnY/3yS4y

Seating Plan
https://cal.vnsw.com.au/f/29BdnZ/3yS4y

Facebook
https://cal.vnsw.com.au/f/29Bdp1/3yS4y

X
https://cal.vnsw.com.au/f/29Bdp2/3yS4y

Manage my ECAL
https://cal.vnsw.com.au/f/29Bdp5/3yS4y

",9,Thursday,9,2026,0,2.0,https://ics.ecal.com/ecal-sub/69fc1a9f069a150002f4887d/Venues%20NSW.ics
2026-10-15 09:00:00+00:00,2026-10-15 11:00:00+00:00,2026-10-15,09:00 AM,Men's Rugby League World Cup 2026: Australia v New Zealand,Allianz Stadium / Venues NSW,"Allianz Stadium, Driver Ave, Moore Park NSW 2021","Men's Rugby League World Cup 2026: Australia v New Zealand  | Gates Open: 10:04AM 

Get to the game and experience the excitement of live RLWC2026 action at Allianz Stadium. 

Member Access: This event falls outside of the Sporting Club of Sydney's annual sporting and entertainment calendar. Members cards will not grant access at this event.

Public Tickets
https://cal.vnsw.com.au/f/29Bdp6/3yS4y

Experiences
https://cal.vnsw.com.au/f/29Bdp7/3yS4y

Member Dress Regulations
https://cal.vnsw.com.au/f/29Bdp8/3yS4y

Getting to Allianz Stadium
https://cal.vnsw.com.au/f/29Bdp9/3yS4y

Seating Plan
https://cal.vnsw.com.au/f/29Bdpb/3yS4y

Facebook
https://cal.vnsw.com.au/f/29Bdpc/3yS4y

X
https://cal.vnsw.com.au/f/29Bdpf/3yS4y

Manage my ECAL
https://cal.vnsw.com.au/f/29Bdpk/3yS4y

",9,Thursday,10,2026,0,2.0,https://ics.ecal.com/ecal-sub/69fc1a9f069a150002f4887d/Venues%20NSW.ics
2026-11-08 06:55:00+00:00,2026-11-08 08:50:00+00:00,2026-11-08,06:55 AM,Women's Rugby League World Cup 2026: Semi-Final,Allianz Stadium / Venues NSW,"Allianz Stadium, Driver Ave, Moore Park NSW 2021","Women's Rugby League World Cup 2026: Semi-Final  | Gates Open: 10:04AM 

Experience live entertainment at Allianz Stadium. Purchase your tickets now! 

Member Access: This event falls outside of the Sporting Club of Sydney's annual sporting and entertainment calendar. Members cards will not grant access at this event.

Public Tickets
https://cal.vnsw.com.au/f/29Bdpm/3yS4y

Experiences
https://cal.vnsw.com.au/f/29Bdpp/3yS4y

Member Dress Regulations
https://cal.vnsw.com.au/f/29Bdps/3yS4y

Getting to Allianz Stadium
https://cal.vnsw.com.au/f/29Bdpt/3yS4y

Facebook
https://cal.vnsw.com.au/f/29Bdpv/3yS4y

X
https://cal.vnsw.com.au/f/29Bdpw/3yS4y

Manage my ECAL
https://cal.vnsw.com.au/f/29Bdpz/3yS4y

",6,Sunday,11,2026,1,1.9166666666666667,https://ics.ecal.com/ecal-sub/69fc1a9f069a150002f4887d/Venues%20NSW.ics
2026-11-08 09:05:00+00:00,2026-11-08 11:30:00+00:00,2026-11-08,09:05 AM,Men's Rugby League World Cup 2026: Semi Final,Allianz Stadium / Venues NSW,"Allianz Stadium, Driver Ave, Moore Park NSW 2021","Men's Rugby League World Cup 2026: Semi Final  | Gates Open: 10:04AM 

Experience live entertainment at Allianz Stadium. Purchase your tickets now! 

Member Access: This event falls outside of the Sporting Club of Sydney's annual sporting and entertainment calendar. Members cards will not grant access at this event.

Public Tickets
https://cal.vnsw.com.au/f/29BdpB/3yS4y

Experiences
https://cal.vnsw.com.au/f/29BdpC/3yS4y

Member Dress Regulations
https://cal.vnsw.com.au/f/29BdpD/3yS4y

Getting to Allianz Stadium
https://cal.vnsw.com.au/f/29BdpF/3yS4y

Facebook
https://cal.vnsw.com.au/f/29BdpG/3yS4y

X
https://cal.vnsw.com.au/f/29BdpH/3yS4y

Manage my ECAL
https://cal.vnsw.com.au/f/29BdpL/3yS4y

",9,Sunday,11,2026,1,2.4166666666666665,https://ics.ecal.com/ecal-sub/69fc1a9f069a150002f4887d/Venues%20NSW.ics
2026-11-15 07:00:00+00:00,2026-11-15 12:00:00+00:00,2026-11-15,07:00 AM,Iron Maiden – Run For Your Lives World Tour,Allianz Stadium / Venues NSW,"Allianz Stadium, Driver Ave, Moore Park NSW 2021","Iron Maiden – Run For Your Lives World Tour  | Gates Open: 10:04AM 

Experience live entertainment at Allianz Stadium. Purchase your tickets now! 

Member Access: This event falls outside of the Sporting Club of Sydney's annual sporting and entertainment calendar. Members cards will not grant access at this event.

Public Tickets
https://cal.vnsw.com.au/f/2cH7QV/3yS4y

Experiences
https://cal.vnsw.com.au/f/2ctrXb/3yS4y

Member Dress Regulations
https://cal.vnsw.com.au/f/2ctrXc/3yS4y

Getting to Allianz Stadium
https://cal.vnsw.com.au/f/2ctrXd/3yS4y

Facebook
https://cal.vnsw.com.au/f/2ctrXf/3yS4y

X
https://cal.vnsw.com.au/f/2ctrXg/3yS4y

Manage my ECAL
https://cal.vnsw.com.au/f/2ctrXk/3yS4y

",7,Sunday,11,2026,1,5.0,https://ics.ecal.com/ecal-sub/69fc1a9f069a150002f4887d/Venues%20NSW.ics
2027-10-04 06:15:00+00:00,2027-10-04 08:30:00+00:00,2027-10-04,06:15 AM,Men's RWC 2027: Ireland v Portugal,Allianz Stadium / Venues NSW,"Allianz Stadium, Driver Ave, Moore Park NSW 2021","Men's RWC 2027: Ireland v Portugal  | Gates Open: 10:04AM 

Get to the game and experience the excitement of live RWC2027 action at Allianz Stadium. 

Member Access: This event falls outside of the Sporting Club of Sydney's annual sporting and entertainment calendar. Members cards will not grant access at this event.

Public Tickets
https://cal.vnsw.com.au/f/2bYJ7T/3yS4y

Experiences
https://cal.vnsw.com.au/f/2bYJ7V/3yS4y

Member Dress Regulations
https://cal.vnsw.com.au/f/2bYJ7W/3yS4y

Getting to Allianz Stadium
https://cal.vnsw.com.au/f/2bYJ7X/3yS4y

Seating Plan
https://cal.vnsw.com.au/f/2bYJ7Y/3yS4y

Facebook
https://cal.vnsw.com.au/f/2bYJ7Z/3yS4y

X
https://cal.vnsw.com.au/f/2bYJ81/3yS4y

Manage my ECAL
https://cal.vnsw.com.au/f/2bYJ84/3yS4y

",6,Monday,10,2027,0,2.25,https://ics.ecal.com/ecal-sub/69fc1a9f069a150002f4887d/Venues%20NSW.ics
2027-10-11 08:45:00+00:00,2027-10-11 10:45:00+00:00,2027-10-11,08:45 AM,Men's RWC 2027: Italy v Romania,Allianz Stadium / Venues NSW,"Allianz Stadium, Driver Ave, Moore Park NSW 2021","Men's RWC 2027: Italy v Romania  | Gates Open: 10:04AM 

Get to the game and experience the excitement of live RWC2027 action at Allianz Stadium. 

Member Access: This event falls outside of the Sporting Club of Sydney's annual sporting and entertainment calendar. Members cards will not grant access at this event.

Public Tickets
https://cal.vnsw.com.au/f/2bYJ85/3yS4y

Experiences
https://cal.vnsw.com.au/f/2bYJ86/3yS4y

Member Dress Regulations
https://cal.vnsw.com.au/f/2bYJ87/3yS4y

Getting to Allianz Stadium
https://cal.vnsw.com.au/f/2bYJ88/3yS4y

Seating Plan
https://cal.vnsw.com.au/f/2bYJ89/3yS4y

Facebook
https://cal.vnsw.com.au/f/2bYJ8b/3yS4y

X
https://cal.vnsw.com.au/f/2bYJ8c/3yS4y

Manage my ECAL
https://cal.vnsw.com.au/f/2bYJ8g/3yS4y

",8,Monday,10,2027,0,2.0,https://ics.ecal.com/ecal-sub/69fc1a9f069a150002f4887d/Venues%20NSW.ics
2027-10-17 08:45:00+00:00,2027-10-17 10:45:00+00:00,2027-10-17,08:45 AM,Men's RWC 2027: France v Samoa,Allianz Stadium / Venues NSW,"Allianz Stadium, Driver Ave, Moore Park NSW 2021","Men's RWC 2027: France v Samoa  | Gates Open: 10:04AM 

Get to the game and experience the excitement of live RWC2027 action at Allianz Stadium. 

Member Access: This event falls outside of the Sporting Club of Sydney's annual sporting and entertainment calendar. Members cards will not grant access at this event.

Public Tickets
https://cal.vnsw.com.au/f/2bYJ8h/3yS4y

Experiences
https://cal.vnsw.com.au/f/2bYJ8j/3yS4y

Member Dress Regulations
https://cal.vnsw.com.au/f/2bYJ8k/3yS4y

Getting to Allianz Stadium
https://cal.vnsw.com.au/f/2bYJ8l/3yS4y

Seating Plan
https://cal.vnsw.com.au/f/2bYJ8m/3yS4y

Facebook
https://cal.vnsw.com.au/f/2bYJ8p/3yS4y

X
https://cal.vnsw.com.au/f/2bYJ8s/3yS4y

Manage my ECAL
https://cal.vnsw.com.au/f/2bYJ8y/3yS4y

",8,Sunday,10,2027,1,2.0,https://ics.ecal.com/ecal-sub/69fc1a9f069a150002f4887d/Venues%20NSW.ics
2027-10-24 03:15:00+00:00,2027-10-24 05:30:00+00:00,2027-10-24,03:15 AM,Men's RWC 2027: Round of 16 (5) - 1st Pool C v 3rd Pool A/E/F,Allianz Stadium / Venues NSW,"Allianz Stadium, Driver Ave, Moore Park NSW 2021","Men's RWC 2027: Round of 16 (5) - 1st Pool C v 3rd Pool A/E/F  | Gates Open: 10:04AM 

Experience live entertainment at Allianz Stadium. Purchase your tickets now! 

Member Access: This event falls outside of the Sporting Club of Sydney's annual sporting and entertainment calendar. Members cards will not grant access at this event.

Public Tickets
https://cal.vnsw.com.au/f/2bYJ8Q/3yS4y

Experiences
https://cal.vnsw.com.au/f/2bYJ8R/3yS4y

Member Dress Regulations
https://cal.vnsw.com.au/f/2bYJ8S/3yS4y

Getting to Allianz Stadium
https://cal.vnsw.com.au/f/2bYJ8T/3yS4y

Facebook
https://cal.vnsw.com.au/f/2bYJ8V/3yS4y

X
https://cal.vnsw.com.au/f/2bYJ8W/3yS4y

Manage my ECAL
https://cal.vnsw.com.au/f/2bYJ8Z/3yS4y

",3,Sunday,10,2027,1,2.25,https://ics.ecal.com/ecal-sub/69fc1a9f069a150002f4887d/Venues%20NSW.ics
2026-05-07 05:07:00+00:00,2026-05-07 05:22:00+00:00,2026-05-07,05:07 AM,Welcome to Allianz Stadium,Allianz Stadium / Venues NSW,Proudly powered by ECAL,"You'll now have the most up-to-date info about events from Allianz Stadium.

If dates, times or details change, these will automatically update in your calendar. How good is that!

We hope you enjoy this service and welcome any feedback via our Support Centre http://support.ecal.com 
------ 

This service is powered by ECAL, the world's leading & most trusted calendar communications service.

Manage my ECAL
https://cal.vnsw.com.au/f/2fCxSK/3yS4y

",5,Thursday,5,2026,0,0.25,https://ics.ecal.com/ecal-sub/69fc1a9f069a150002f4887d/Venues%20NSW.ics
