date,event_name,venue,time,raw_context
2026-10-24,SONNY FODERA,Hordern Pavilion,,SONNY FODERA 24 Oct 2026 MORE INFO Upcoming Events VIEW ALL EVENTS I’m looking for
2026-10-24,SONNY FODERA,Hordern Pavilion,,SONNY FODERA 24 Oct 2026 MORE INFO Upcoming Events VIEW ALL EVENTS I’m looking for anything
2026-10-24,24 Oct 2026,Hordern Pavilion,,SONNY FODERA 24 Oct 2026 MORE INFO Upcoming Events VIEW ALL EVENTS I’m looking for anything Art
2026-10-24,MORE INFO,Hordern Pavilion,,SONNY FODERA 24 Oct 2026 MORE INFO Upcoming Events VIEW ALL EVENTS I’m looking for anything Art Entertainment
2026-10-24,Upcoming Events,Hordern Pavilion,,24 Oct 2026 MORE INFO Upcoming Events VIEW ALL EVENTS I’m looking for anything Art Entertainment Festivals
2026-05-09,Grid,Hordern Pavilion,,Hero / Grid / List NEW SHOW ADDED MARIAH THE SCIENTIST Hearts Sold Seprately 09 May 2026
2026-05-09,/,Hordern Pavilion,,/ Grid / List NEW SHOW ADDED MARIAH THE SCIENTIST Hearts Sold Seprately 09 May 2026 INFO TIX
2026-05-09,List,Hordern Pavilion,,Grid / List NEW SHOW ADDED MARIAH THE SCIENTIST Hearts Sold Seprately 09 May 2026 INFO TIX CANCELLED EVENT
2026-05-09,NEW SHOW ADDED,Hordern Pavilion,,/ List NEW SHOW ADDED MARIAH THE SCIENTIST Hearts Sold Seprately 09 May 2026 INFO TIX CANCELLED EVENT BONE THUGS-N-HARMONY
2026-05-09,MARIAH THE SCIENTIST,Hordern Pavilion,,List NEW SHOW ADDED MARIAH THE SCIENTIST Hearts Sold Seprately 09 May 2026 INFO TIX CANCELLED EVENT BONE THUGS-N-HARMONY With special guests: Xzibit and Too $hort
2026-05-09,Hearts Sold Seprately,Hordern Pavilion,,NEW SHOW ADDED MARIAH THE SCIENTIST Hearts Sold Seprately 09 May 2026 INFO TIX CANCELLED EVENT BONE THUGS-N-HARMONY With special guests: Xzibit and Too $hort 12 May 2026
2026-05-09,09 May 2026,Hordern Pavilion,,MARIAH THE SCIENTIST Hearts Sold Seprately 09 May 2026 INFO TIX CANCELLED EVENT BONE THUGS-N-HARMONY With special guests: Xzibit and Too $hort 12 May 2026 INFO TIX
2026-05-09,INFO TIX,Hordern Pavilion,,Hearts Sold Seprately 09 May 2026 INFO TIX CANCELLED EVENT BONE THUGS-N-HARMONY With special guests: Xzibit and Too $hort 12 May 2026 INFO TIX ON SALE NOW
2026-05-09,CANCELLED EVENT,Hordern Pavilion,,09 May 2026 INFO TIX CANCELLED EVENT BONE THUGS-N-HARMONY With special guests: Xzibit and Too $hort 12 May 2026 INFO TIX ON SALE NOW THUNDERCAT
2026-05-12,BONE THUGS-N-HARMONY,Hordern Pavilion,,INFO TIX CANCELLED EVENT BONE THUGS-N-HARMONY With special guests: Xzibit and Too $hort 12 May 2026 INFO TIX ON SALE NOW THUNDERCAT Australian & New Zealand Tour 2026
2026-05-12,With special guests: Xzibit and Too $hort,Hordern Pavilion,,CANCELLED EVENT BONE THUGS-N-HARMONY With special guests: Xzibit and Too $hort 12 May 2026 INFO TIX ON SALE NOW THUNDERCAT Australian & New Zealand Tour 2026 13 May 2026
2026-05-12,12 May 2026,Hordern Pavilion,,BONE THUGS-N-HARMONY With special guests: Xzibit and Too $hort 12 May 2026 INFO TIX ON SALE NOW THUNDERCAT Australian & New Zealand Tour 2026 13 May 2026 INFO TIX
2026-05-12,INFO TIX,Hordern Pavilion,,With special guests: Xzibit and Too $hort 12 May 2026 INFO TIX ON SALE NOW THUNDERCAT Australian & New Zealand Tour 2026 13 May 2026 INFO TIX ON SALE NOW
2026-05-12,ON SALE NOW,Hordern Pavilion,,12 May 2026 INFO TIX ON SALE NOW THUNDERCAT Australian & New Zealand Tour 2026 13 May 2026 INFO TIX ON SALE NOW PEKING DUK
2026-05-13,THUNDERCAT,Hordern Pavilion,,"INFO TIX ON SALE NOW THUNDERCAT Australian & New Zealand Tour 2026 13 May 2026 INFO TIX ON SALE NOW PEKING DUK Presented by: Great Southern Nights, Supernormal & Mushroom"
2026-05-13,Australian & New Zealand Tour 2026,Hordern Pavilion,,"ON SALE NOW THUNDERCAT Australian & New Zealand Tour 2026 13 May 2026 INFO TIX ON SALE NOW PEKING DUK Presented by: Great Southern Nights, Supernormal & Mushroom 15 May 2026"
2026-05-13,13 May 2026,Hordern Pavilion,,"THUNDERCAT Australian & New Zealand Tour 2026 13 May 2026 INFO TIX ON SALE NOW PEKING DUK Presented by: Great Southern Nights, Supernormal & Mushroom 15 May 2026 INFO TIX"
2026-05-13,INFO TIX,Hordern Pavilion,,"Australian & New Zealand Tour 2026 13 May 2026 INFO TIX ON SALE NOW PEKING DUK Presented by: Great Southern Nights, Supernormal & Mushroom 15 May 2026 INFO TIX ON SALE NOW"
2026-05-13,ON SALE NOW,Hordern Pavilion,,"13 May 2026 INFO TIX ON SALE NOW PEKING DUK Presented by: Great Southern Nights, Supernormal & Mushroom 15 May 2026 INFO TIX ON SALE NOW NEPA JATRA 2026"
2026-05-15,PEKING DUK,Hordern Pavilion,,"INFO TIX ON SALE NOW PEKING DUK Presented by: Great Southern Nights, Supernormal & Mushroom 15 May 2026 INFO TIX ON SALE NOW NEPA JATRA 2026 Presented by: The Peak Events & Night Escape"
2026-05-15,"Presented by: Great Southern Nights, Supernormal & Mushroom",Hordern Pavilion,,"ON SALE NOW PEKING DUK Presented by: Great Southern Nights, Supernormal & Mushroom 15 May 2026 INFO TIX ON SALE NOW NEPA JATRA 2026 Presented by: The Peak Events & Night Escape 16 May 2026"
2026-05-15,15 May 2026,Hordern Pavilion,,"PEKING DUK Presented by: Great Southern Nights, Supernormal & Mushroom 15 May 2026 INFO TIX ON SALE NOW NEPA JATRA 2026 Presented by: The Peak Events & Night Escape 16 May 2026 INFO TIX"
2026-05-15,INFO TIX,Hordern Pavilion,,"Presented by: Great Southern Nights, Supernormal & Mushroom 15 May 2026 INFO TIX ON SALE NOW NEPA JATRA 2026 Presented by: The Peak Events & Night Escape 16 May 2026 INFO TIX ON SALE NOW"
2026-05-15,ON SALE NOW,Hordern Pavilion,,15 May 2026 INFO TIX ON SALE NOW NEPA JATRA 2026 Presented by: The Peak Events & Night Escape 16 May 2026 INFO TIX ON SALE NOW WARREN ZEIDERS
2026-05-16,NEPA JATRA 2026,Hordern Pavilion,,INFO TIX ON SALE NOW NEPA JATRA 2026 Presented by: The Peak Events & Night Escape 16 May 2026 INFO TIX ON SALE NOW WARREN ZEIDERS World Tour 2026
2026-05-16,Presented by: The Peak Events & Night Escape,Hordern Pavilion,,ON SALE NOW NEPA JATRA 2026 Presented by: The Peak Events & Night Escape 16 May 2026 INFO TIX ON SALE NOW WARREN ZEIDERS World Tour 2026 17 May 2026
2026-05-16,16 May 2026,Hordern Pavilion,,NEPA JATRA 2026 Presented by: The Peak Events & Night Escape 16 May 2026 INFO TIX ON SALE NOW WARREN ZEIDERS World Tour 2026 17 May 2026 INFO TIX
2026-05-16,INFO TIX,Hordern Pavilion,,Presented by: The Peak Events & Night Escape 16 May 2026 INFO TIX ON SALE NOW WARREN ZEIDERS World Tour 2026 17 May 2026 INFO TIX ON SALE NOW
2026-05-16,ON SALE NOW,Hordern Pavilion,,16 May 2026 INFO TIX ON SALE NOW WARREN ZEIDERS World Tour 2026 17 May 2026 INFO TIX ON SALE NOW J.I.D
2026-05-17,WARREN ZEIDERS,Hordern Pavilion,,INFO TIX ON SALE NOW WARREN ZEIDERS World Tour 2026 17 May 2026 INFO TIX ON SALE NOW J.I.D God Does Like World Tours
2026-05-17,World Tour 2026,Hordern Pavilion,,ON SALE NOW WARREN ZEIDERS World Tour 2026 17 May 2026 INFO TIX ON SALE NOW J.I.D God Does Like World Tours 20 May 2026
2026-05-17,17 May 2026,Hordern Pavilion,,WARREN ZEIDERS World Tour 2026 17 May 2026 INFO TIX ON SALE NOW J.I.D God Does Like World Tours 20 May 2026 INFO TIX
2026-05-17,INFO TIX,Hordern Pavilion,,World Tour 2026 17 May 2026 INFO TIX ON SALE NOW J.I.D God Does Like World Tours 20 May 2026 INFO TIX REGISTER NOW
2026-05-17,ON SALE NOW,Hordern Pavilion,,17 May 2026 INFO TIX ON SALE NOW J.I.D God Does Like World Tours 20 May 2026 INFO TIX REGISTER NOW SNOW TRAVEL EXPO 2026
2026-05-20,J.I.D,Hordern Pavilion,,INFO TIX ON SALE NOW J.I.D God Does Like World Tours 20 May 2026 INFO TIX REGISTER NOW SNOW TRAVEL EXPO 2026 INDULGE YOUR SNOW PASSION
2026-05-20,God Does Like World Tours,Hordern Pavilion,,ON SALE NOW J.I.D God Does Like World Tours 20 May 2026 INFO TIX REGISTER NOW SNOW TRAVEL EXPO 2026 INDULGE YOUR SNOW PASSION 24 May 2026
2026-05-20,20 May 2026,Hordern Pavilion,,J.I.D God Does Like World Tours 20 May 2026 INFO TIX REGISTER NOW SNOW TRAVEL EXPO 2026 INDULGE YOUR SNOW PASSION 24 May 2026 INFO TIX
2026-05-20,INFO TIX,Hordern Pavilion,,God Does Like World Tours 20 May 2026 INFO TIX REGISTER NOW SNOW TRAVEL EXPO 2026 INDULGE YOUR SNOW PASSION 24 May 2026 INFO TIX ON SALE NOW
2026-05-20,REGISTER NOW,Hordern Pavilion,,20 May 2026 INFO TIX REGISTER NOW SNOW TRAVEL EXPO 2026 INDULGE YOUR SNOW PASSION 24 May 2026 INFO TIX ON SALE NOW MASTORAS & MELISSES
2026-05-24,SNOW TRAVEL EXPO 2026,Hordern Pavilion,,INFO TIX REGISTER NOW SNOW TRAVEL EXPO 2026 INDULGE YOUR SNOW PASSION 24 May 2026 INFO TIX ON SALE NOW MASTORAS & MELISSES Presented by: Encore By Pambris Bros
2026-05-24,INDULGE YOUR SNOW PASSION,Hordern Pavilion,,REGISTER NOW SNOW TRAVEL EXPO 2026 INDULGE YOUR SNOW PASSION 24 May 2026 INFO TIX ON SALE NOW MASTORAS & MELISSES Presented by: Encore By Pambris Bros 30 May 2026
2026-05-24,24 May 2026,Hordern Pavilion,,SNOW TRAVEL EXPO 2026 INDULGE YOUR SNOW PASSION 24 May 2026 INFO TIX ON SALE NOW MASTORAS & MELISSES Presented by: Encore By Pambris Bros 30 May 2026 INFO TIX
2026-05-24,INFO TIX,Hordern Pavilion,,INDULGE YOUR SNOW PASSION 24 May 2026 INFO TIX ON SALE NOW MASTORAS & MELISSES Presented by: Encore By Pambris Bros 30 May 2026 INFO TIX SOLD OUT
2026-05-24,ON SALE NOW,Hordern Pavilion,,24 May 2026 INFO TIX ON SALE NOW MASTORAS & MELISSES Presented by: Encore By Pambris Bros 30 May 2026 INFO TIX SOLD OUT FREYA SKYE
2026-05-30,MASTORAS & MELISSES,Hordern Pavilion,,INFO TIX ON SALE NOW MASTORAS & MELISSES Presented by: Encore By Pambris Bros 30 May 2026 INFO TIX SOLD OUT FREYA SKYE Stars Align Tour
2026-05-30,Presented by: Encore By Pambris Bros,Hordern Pavilion,,ON SALE NOW MASTORAS & MELISSES Presented by: Encore By Pambris Bros 30 May 2026 INFO TIX SOLD OUT FREYA SKYE Stars Align Tour 09 Jun 2026
2026-05-30,30 May 2026,Hordern Pavilion,,MASTORAS & MELISSES Presented by: Encore By Pambris Bros 30 May 2026 INFO TIX SOLD OUT FREYA SKYE Stars Align Tour 09 Jun 2026 INFO TIX
2026-05-30,INFO TIX,Hordern Pavilion,,Presented by: Encore By Pambris Bros 30 May 2026 INFO TIX SOLD OUT FREYA SKYE Stars Align Tour 09 Jun 2026 INFO TIX ON SALE NOW
2026-05-30,SOLD OUT,Hordern Pavilion,,30 May 2026 INFO TIX SOLD OUT FREYA SKYE Stars Align Tour 09 Jun 2026 INFO TIX ON SALE NOW MOULD X PINOT PALOOZA
2026-06-09,FREYA SKYE,Hordern Pavilion,,INFO TIX SOLD OUT FREYA SKYE Stars Align Tour 09 Jun 2026 INFO TIX ON SALE NOW MOULD X PINOT PALOOZA Cheese & Wine Festival
2026-06-09,Stars Align Tour,Hordern Pavilion,,SOLD OUT FREYA SKYE Stars Align Tour 09 Jun 2026 INFO TIX ON SALE NOW MOULD X PINOT PALOOZA Cheese & Wine Festival 12 Jun 2026
2026-06-09,09 Jun 2026,Hordern Pavilion,,FREYA SKYE Stars Align Tour 09 Jun 2026 INFO TIX ON SALE NOW MOULD X PINOT PALOOZA Cheese & Wine Festival 12 Jun 2026 INFO TIX
2026-06-09,INFO TIX,Hordern Pavilion,,Stars Align Tour 09 Jun 2026 INFO TIX ON SALE NOW MOULD X PINOT PALOOZA Cheese & Wine Festival 12 Jun 2026 INFO TIX ON SALE NOW
2026-06-09,ON SALE NOW,Hordern Pavilion,,09 Jun 2026 INFO TIX ON SALE NOW MOULD X PINOT PALOOZA Cheese & Wine Festival 12 Jun 2026 INFO TIX ON SALE NOW I PREVAIL
2026-06-12,MOULD X PINOT PALOOZA,Hordern Pavilion,,INFO TIX ON SALE NOW MOULD X PINOT PALOOZA Cheese & Wine Festival 12 Jun 2026 INFO TIX ON SALE NOW I PREVAIL The Violent Nature Australian Tour
2026-06-12,Cheese & Wine Festival,Hordern Pavilion,,ON SALE NOW MOULD X PINOT PALOOZA Cheese & Wine Festival 12 Jun 2026 INFO TIX ON SALE NOW I PREVAIL The Violent Nature Australian Tour 23 Jun 2026
2026-06-12,12 Jun 2026,Hordern Pavilion,,MOULD X PINOT PALOOZA Cheese & Wine Festival 12 Jun 2026 INFO TIX ON SALE NOW I PREVAIL The Violent Nature Australian Tour 23 Jun 2026 INFO TIX
2026-06-12,INFO TIX,Hordern Pavilion,,Cheese & Wine Festival 12 Jun 2026 INFO TIX ON SALE NOW I PREVAIL The Violent Nature Australian Tour 23 Jun 2026 INFO TIX Want to see more events?
2026-06-12,ON SALE NOW,Hordern Pavilion,,12 Jun 2026 INFO TIX ON SALE NOW I PREVAIL The Violent Nature Australian Tour 23 Jun 2026 INFO TIX Want to see more events? VIEW ALL EVENTS
2026-06-23,I PREVAIL,Hordern Pavilion,,INFO TIX ON SALE NOW I PREVAIL The Violent Nature Australian Tour 23 Jun 2026 INFO TIX Want to see more events? VIEW ALL EVENTS CELEBRATING 100 YEARS IN 2024!
2026-06-23,The Violent Nature Australian Tour,Hordern Pavilion,,"ON SALE NOW I PREVAIL The Violent Nature Australian Tour 23 Jun 2026 INFO TIX Want to see more events? VIEW ALL EVENTS CELEBRATING 100 YEARS IN 2024! This year marks 100 years since the Hordern Pavilion first opened its doors in 1924. Considered a historic Sydney landmark and one of the most iconic live music venues in Australia, The Hordern is only getting better with age."
2026-06-23,23 Jun 2026,Hordern Pavilion,,"I PREVAIL The Violent Nature Australian Tour 23 Jun 2026 INFO TIX Want to see more events? VIEW ALL EVENTS CELEBRATING 100 YEARS IN 2024! This year marks 100 years since the Hordern Pavilion first opened its doors in 1924. Considered a historic Sydney landmark and one of the most iconic live music venues in Australia, The Hordern is only getting better with age. LEARN MORE"
2026-06-23,INFO TIX,Hordern Pavilion,,"The Violent Nature Australian Tour 23 Jun 2026 INFO TIX Want to see more events? VIEW ALL EVENTS CELEBRATING 100 YEARS IN 2024! This year marks 100 years since the Hordern Pavilion first opened its doors in 1924. Considered a historic Sydney landmark and one of the most iconic live music venues in Australia, The Hordern is only getting better with age. LEARN MORE ON THIS DAY"
2026-06-23,Want to see more events?,Hordern Pavilion,,"23 Jun 2026 INFO TIX Want to see more events? VIEW ALL EVENTS CELEBRATING 100 YEARS IN 2024! This year marks 100 years since the Hordern Pavilion first opened its doors in 1924. Considered a historic Sydney landmark and one of the most iconic live music venues in Australia, The Hordern is only getting better with age. LEARN MORE ON THIS DAY 1974"
