date,event_name,venue,time,url,raw_context
2026-10-24,SONNY FODERA - The Hordern Pavilion,Hordern Pavilion,,https://thehordern.com.au/event/sonny-fodera/,"EVENT TIX
SONNY FODERA
24 Oct 2026
18 +
Tix from $101.85
TIX
One of Australia’s most successful global dance exports, Sonny Fodera returns home this October for a highly anticipated national headline tour, bringing his signature house sound to Brisbane, Melbourne, Perth and Sydney, presented by Untitled Group and triple j
Presented by: UNTITLED.
Renowned for his euphoric, vocal-driven productions and high-energy DJ sets, Fodera has spent the past decade cementing himself as one of the leading names in modern house music. With over 1.4 billion streams across his catalogue, his sound continues to dominate clubs and festivals worldwide. His forthcoming album, Can We Do It All Again?, set for release on 12 June, marks a major new chapter in his career.
Fodera’s catalogue includes standout tracks such as Somedays and Asking, alongside his 2025 collaboration Think About Us with D.O.D and Poppy Baskcomb, which reached #1 on the Australian airplay chart and gained widespread international trac"
2026-05-09,Events Archive - The Hordern Pavilion,Hordern Pavilion,,https://thehordern.com.au/event,"WHAT'S ON
I'm looking for
anything
Art
Entertainment
Festivals
Lifestyle
Music
Sport
Hero
/
Grid
/
List
NEW SHOW ADDED
MARIAH THE SCIENTIST
Hearts Sold Seprately
09 May 2026
INFO TIX
CANCELLED EVENT
BONE THUGS-N-HARMONY
With special guests: Xzibit and Too $hort
12 May 2026
INFO TIX
ON SALE NOW
THUNDERCAT
Australian & New Zealand Tour 2026
13 May 2026
INFO TIX
ON SALE NOW
PEKING DUK
Presented by: Great Southern Nights, Supernormal & Mushroom
15 May 2026
INFO TIX
ON SALE NOW
NEPA JATRA 2026
Presented by: The Peak Events & Night Escape
16 May 2026
INFO TIX
ON SALE NOW
WARREN ZEIDERS
World Tour 2026
17 May 2026
INFO TIX
ON SALE NOW
J.I.D
God Does Like World Tours
20 May 2026
INFO TIX
REGISTER NOW
SNOW TRAVEL EXPO 2026
INDULGE YOUR SNOW PASSION
24 May 2026
INFO TIX
ON SALE NOW
MASTORAS & MELISSES
Presented by: Encore By Pambris Bros
30 May 2026
INFO TIX
SOLD OUT
FREYA SKYE
Stars Align Tour
09 Jun 2026
INFO TIX
ON SALE NOW
MOULD X PINOT PALOOZA
Cheese & Wine Festival
12 Jun 2026
INFO TIX
ON "
2026-10-24,Home - The Hordern Pavilion,Hordern Pavilion,,https://thehordern.com.au/#,"SONNY FODERA
24 Oct 2026
MORE INFO
Upcoming Events
VIEW ALL EVENTS
I’m looking for
Hero
/
Grid
/
List
Want to see more events?
VIEW ALL EVENTS
CELEBRATING 100 YEARS IN 2024!
This year marks 100 years since the Hordern Pavilion first opened its doors in 1924. Considered a historic Sydney landmark and one of the most iconic live music venues in Australia, The Hordern is only getting better with age.
LEARN MORE
ON THIS DAY
1974
Suzi Quatro
STAY IN THE LOOP
Join our mailing list to get access to exclusive presales, comps & special offers. Plus you’re first in the know for tour announcements, so sign up now!
VISIT US
Hordern Pavilion
1 Driver Ave
Moore Park NSW 2021
Located in
The Entertainment Quarter
GET DIRECTIONS
THE HORDERN
Venue Info
Hordern’s History
FAQs
News
Contact
Venue Hire
VENUE HIRE & EVENTS
Privacy Policy Copyright © Playbill Venues 2026. All rights reserved."
2026-05-09,MARIAH THE SCIENTIST - The Hordern Pavilion,Hordern Pavilion,,https://thehordern.com.au/event/mariah-the-scientist/,"EVENT TIX
MARIAH THE SCIENTIST
09 May 2026
Sold out All ages
Tix from $112.05
TIX WAITLIST
10 May 2026
All ages New shows added
Tix from $112.05
TIX
R&B singer-songwriter Mariah the Scientist announces her debut headline Australian tour
Presented By: Live Nation
American R&B singer-songwriter Mariah the Scientist has just announced she will be bringing her ‘Hearts Sold Separately’ tour to Australia in May 2026. With her single ‘Burning Blue’ being listed at #12 for Rolling Stone’s 100 Best Songs of 2025 as well as performances Lollapalooza and Governors Ball this year, Mariah the Scientist continues to flourish - positioning her as one of the most exciting emerging voices of R&B.
The highly anticipated tour starts at Hordern Pavilion in Sydney on May 9, followed by Brisbane’s Fortitude Music Hall on May 12, and concluding at Festival Hall in Melbourne on May 14.
dates & times
pricing & ticketing info
accessible seating info
SOCIALS
STAY IN THE LOOP
Join our mailing list to get access t"
2026-05-12,BONE THUGS-N-HARMONY - The Hordern Pavilion,Hordern Pavilion,,https://thehordern.com.au/event/bonethugsnharmony/,"EVENT TIX
BONE THUGS-N-HARMONY
12 May 2026
18 +
Tix from $149.90
TIX
Due to scheduling conflicts Bone Thugs-N-Harmony cannot travel to Australia in May and are working hard on rescheduling something for their fans soon
With special guests: Xzibit and Too $hort
Presented by: Destroy All Lines & Double J
BONE THUGS-N-HARMONY are back together with all 5 Original Members!
Thirty years, 60 million records, and a legacy that shaped hip hop; the iconic US crew returns with all five original members, a new single ‘AWW SHIT’ (out now via Greenback Records), and a long-awaited Australian tour this October.
Expect three massive shows packed with classics and fresh fire with and Flesh-n-Bone; proving they’re far from done.
Joining them in Australia and Hip Hop heavyweights in their own right are special guests; XZIBIT, armed with his new album KINGMAKER (ft. Dr. Dre, Ice Cube, Ty Dolla $ign + more) and West Coast pioneer TOO $HORT, bringing hits from his new album and a raft of classics.
Bone Thu"
2026-05-13,THUNDERCAT - The Hordern Pavilion,Hordern Pavilion,,https://thehordern.com.au/event/thundercat/,"EVENT TIX
THUNDERCAT
13 May 2026
All ages
Tix from $99.90
TIX
DON'T MISS VIRTUOSO BASSIST, SINGER AND MULTI-GRAMMY AWARD WINNER THUNDERCAT THIS MAY!
Presented by: Great Southern Nights, Niche Productions & The Operatives. 
In an age of endless notifications and fractured attention, Thundercat turns the chaos inward on Distracted, his long-awaited new album and one of his most resonant statements yet.
Six years on from It Is What It Is, the record captures the restless aftermath of grief and modern overload, balancing existential weight with Thundercat’s unmistakable wit and warmth. It’s an album that laughs through the noise, folding jazz-fusion virtuosity, elastic funk and late-night introspection into songs that feel like unfiltered inner monologues: tender, funny, and painfully human.
That philosophy carries directly into the live experience. Onstage, Thundercat treats Distracted not as a lecture on modern life, but as a shared release, stretching songs, breaking the fourth wall, le"
2026-05-15,PEKING DUK - The Hordern Pavilion,Hordern Pavilion,,https://thehordern.com.au/event/peking-duk/,"EVENT TIX
PEKING DUK
15 May 2026
18 +
Tix from $74.99
TIX
Presented by Great Southern Nights, Supernormal Music Group and Mushroom.
Friday 15 May 2026 marks a landmark Sydney homecoming as the duo debut brand-new music, a brand-new live show, and epic in-the-round production designed for total immersion.
  Expect huge energy, future-facing visuals, and a set built for one of Australia’s most legendary venues.
  One night only. Not to be missed.
    dates & times
pricing & ticketing info
accessible seating info
SOCIALS
STAY IN THE LOOP
Join our mailing list to get access to exclusive presales, comps & special offers. Plus you’re first in the know for tour announcements, so sign up now!
VISIT US
Hordern Pavilion
1 Driver Ave
Moore Park NSW 2021
Located in
The Entertainment Quarter
GET DIRECTIONS
THE HORDERN
Venue Info
Hordern’s History
FAQs
News
Contact
Venue Hire
VENUE HIRE & EVENTS
Privacy Policy Copyright © Playbill Venues 2026. All rights reserved."
2026-05-16,NEPA JATRA 2026 - The Hordern Pavilion,Hordern Pavilion,,https://thehordern.com.au/event/nepa-jatra-2026/,"EVENT TIX
NEPA JATRA 2026
16 May 2026
18 +
Tix from $104
TIX
The promoter wishes to advise that the upcoming Nepa Jatra event on Sunday 26 April 2026 has been rescheduled to Saturday 16 May 2026, due to international issues.
A message from The Peak Events: Due to a combination of ongoing geopolitical tensions, international flight disruptions, and unexpected delays in travel clearances, we are currently facing unforeseen challenges in coordinating artist arrivals and event logistics. As a result, Nepa Jatra has been rescheduled to May 16 to ensure we deliver an even bigger and better experience. With more surprises, enhanced production, and an even more amazing event planned , this is going to be worth the wait.
dates & times
pricing & ticketing info
what happens to my tickets?

accessible seating info
SOCIALS
STAY IN THE LOOP
Join our mailing list to get access to exclusive presales, comps & special offers. Plus you’re first in the know for tour announcements, so sign up now!
VISIT US"
2026-05-17,WARREN ZEIDERS - The Hordern Pavilion,Hordern Pavilion,11am,https://thehordern.com.au/event/warren-zeiders/,"EVENT TIX
WARREN ZEIDERS
17 May 2026
All ages
Tix from $101.85
TIX
One of country music’s fastest-growing breakout artists Warren Zeiders is bringing his World Tour to Australia in May 2026. Warren has captivated listeners worldwide by blending southern rock grit with modern country flair - his songs capturing the spirit of heartbreak, redemption and self-discovery.
The Australian leg of the World Tour will kick off at Perth’s Metro City on May 13, before heading to Festival Hall in Melbourne on May 16, Sydney’s Hordern Pavilion on May 17, Brisbane’s Fortitude Music Hall on May 19 and concluding at Great Western Hotel in Rockhampton on May 22. Mastercard cardholders have special access to presale tickets in Australia. Mastercard Presale starts Tuesday 11 November, 11am (local) and ends Thursday, 13 November, 11am (local). Plus, Preferred ticket access to some of the best tickets are available from Friday, 14 November, 11am (local). Check out priceless.com/music for details. The Live Na"
2026-05-20,J.I.D - The Hordern Pavilion,Hordern Pavilion,,https://thehordern.com.au/event/jid/,"EVENT TIX
J.I.D
20 May 2026
All ages
Tix from $112.05
TIX
With Special Guest: Jordan Ward
Atlanta rapper and Platinum selling artist J.I.D has announced a blockbuster run of tour dates that includes nearly seventy shows across four different continents titled God Does Like World Tours.
J.I.D has also announced that Jordan Ward will support in Australia. Together the duo are set to unleash a wave of raw, unfiltered hip hop energy on tour, turning every venue into a high-octane, crowd-shaking celebration for fans.
A notorious live performer, this tour sees J.I.D playing some of the biggest solo shows to date with more exciting additions to be announced in the near future.
dates & times
pricing & ticketing info
accessible seating info
SOCIALS
STAY IN THE LOOP
Join our mailing list to get access to exclusive presales, comps & special offers. Plus you’re first in the know for tour announcements, so sign up now!
VISIT US
Hordern Pavilion
1 Driver Ave
Moore Park NSW 2021
Located in
The Entert"
2026-05-24,SNOW TRAVEL EXPO 2026 - The Hordern Pavilion,Hordern Pavilion,,https://thehordern.com.au/event/snowtravelexpo/,"EVENT TIX
SNOW TRAVEL EXPO 2026
24 May 2026
All ages
Tix from $0
TIX
Meet 70+ Global Resorts; Japan, Canada, USA, Europe, Australia, New Zealand, South Korea, China and Chile to help inspire and plan your next winter ski trip. Free Ticketed Entry.
Win incredible ski holidays to Sun Peaks, flying Air Canada, Jackson Hole and Big Sky flying Delta Air Lines. Niseko by registering for a free ticket. An Ikon Pass to explore the world. 
Check out expert presenters, latest snow gear, Saint Bernard dogs, Ikon Après Lounge, Colorado Ski Bar. Pick up a deal and get great travel advice and ideas from locals who live and breathe their destination.
Indulge your snow passion!
REGISTER HERE
dates & times
register for free tickets
parking & event map
SOCIALS
STAY IN THE LOOP
Join our mailing list to get access to exclusive presales, comps & special offers. Plus you’re first in the know for tour announcements, so sign up now!
VISIT US
Hordern Pavilion
1 Driver Ave
Moore Park NSW 2021
Located in
The Ent"
2026-05-30,MASTORAS & MELISSES - The Hordern Pavilion,Hordern Pavilion,,https://thehordern.com.au/event/mastoras-melisses/,"EVENT TIX
MASTORAS & MELISSES
30 May 2026
All ages
Tix from $153.50
TIX
Sydney's biggest Greek concert of the year and ultimate party is happening on Saturday 30 May 2026 when Christos Mastoras & Melisses will be rocking the Hordern Pavilion in the most epic way!
With a core lineup comprised of Christos Mastoras (lead vocals), Kostas Mavrogenis (bass) and Thanos Laitsas (guitar), Melisses is one of Greece's most successful and celebrated bands. They have taken out the coveted MAD Video Music Awards 'Best Band' accolade a total of 10 times and have played at countless sold-out concerts across Greece, including performances at prestigious venues such as the Odeon of Herodes Atticus and Megaron Athens Concert Hall. Fan favourite hits include 'To Kyma', 'Krifa', 'Ola Moiazoun Kalokairi', 'Monahiki Kardia', 'Viktoria' and '30-40', alongside numerous other popular-topping tracks that have reached diamond, platinum and gold status.
Multi-talented frontman, Christos Mastoras has also had a hig"
2026-06-09,FREYA SKYE - The Hordern Pavilion,Hordern Pavilion,,https://thehordern.com.au/event/freya-skye/,"EVENT TIX
FREYA SKYE
09 Jun 2026
All ages Sold out
Tix from $91.00
TIX
UK’s Freya Skye announces all new “Stars Align” Australian tour dates in Brisbane, Sydney and Melbourne.
Presented by: Frontier Touring
Freya’s February dates of the “Stars Align” tour sold out in mere seconds, just as her hit single, “silent treatment,” was climbing the radio charts in the U.S., U.K., Canada, France and Australia. As Freya’s star power continues to grow, so do her concert’s venue sizes. Freya’s next journey on the “Stars Align” tour will start in Brisbane, Australia at Fortitude Music Hall and conclude in Madrid, Spain at Las Ventas in November.
Freya Skye has partnered with PLUS1 so that $1 per ticket goes towards supporting organizations working to make mental health care more accessible for young people.
dates & times
pricing & ticketing info
what happens to my tickets?
accessible seating info
SOCIALS
STAY IN THE LOOP
Join our mailing list to get access to exclusive presales, comps & special off"
2026-06-12,MOULD x PINOT PALOOZA - The Hordern Pavilion,Hordern Pavilion,,https://thehordern.com.au/event/mould-x-pinot-palooza/,"EVENT TIX
MOULD X PINOT PALOOZA
12 Jun 2026
All ages
Tix from $59
TIX
13 Jun 2026
All ages
Tix from $59
TIX
14 Jun 2026
All ages
Tix from $59
TIX
The perfect pairing is back. MOULD x PINOT PALOOZA returns in 2026.
Following the success of last year’s cheese-filled festival and pinot-paired party, the two events are back together once again, bringing friends, fromage and fermentation under one roof for one of Australia’s biggest food and wine celebrations. In Sydney, everyone’s favourite blend will run from Friday 12th June to Sunday 14th June at the The Hordern Pavilion, with plenty of room to explore and taste at your own pace.
The collaboration brings together two established events - MOULD and PINOT PALOOZA into one shared experience that’s relaxed and designed for discovery. It’s the best of both, side by side.
MOULD will showcase 50+ varieties of Australian artisan cheese, drawing producers from around the country and spanning everything from fresh and delicate to bold, aged favou"
2026-06-23,I PREVAIL - The Hordern Pavilion,Hordern Pavilion,,https://thehordern.com.au/event/iprevail/,"EVENT TIX
I PREVAIL
23 Jun 2026
All ages
Tix from $159.90
TIX
Australia, prepare for spectacular sonic annihilation this June, with Michigan juggernauts I PREVAIL set to make their return down under. In what will be their biggest ever Australian tour and national headline arena run joined by special guests IMMINENCE and INVENT ANIMATE.
Presented by: Destroy All Lines
Since forming in Detroit, Michigan back in 2013, I PREVAIL's trajectory has been nothing short of staggering. Amassing critical and commercial success for well over a decade, I PREVAIL's success story spans everything from millions of streams through to mainstream chart domination, unforgettable performances across the globe, and two GRAMMY Award-nominations for good measure.
Achieving gold status in both the US and Canada via their debut 2016 album Lifelines, their 2019 full-length TRAUMA further cemented their status as one of the most elite forces on the scene, with the album itself nominated for Best Rock Album at the "
2026-05-09,Events Archive - The Hordern Pavilion,Hordern Pavilion,,https://thehordern.com.au/event/,"WHAT'S ON
I'm looking for
anything
Art
Entertainment
Festivals
Lifestyle
Music
Sport
Hero
/
Grid
/
List
NEW SHOW ADDED
MARIAH THE SCIENTIST
Hearts Sold Seprately
09 May 2026
INFO TIX
CANCELLED EVENT
BONE THUGS-N-HARMONY
With special guests: Xzibit and Too $hort
12 May 2026
INFO TIX
ON SALE NOW
THUNDERCAT
Australian & New Zealand Tour 2026
13 May 2026
INFO TIX
ON SALE NOW
PEKING DUK
Presented by: Great Southern Nights, Supernormal & Mushroom
15 May 2026
INFO TIX
ON SALE NOW
NEPA JATRA 2026
Presented by: The Peak Events & Night Escape
16 May 2026
INFO TIX
ON SALE NOW
WARREN ZEIDERS
World Tour 2026
17 May 2026
INFO TIX
ON SALE NOW
J.I.D
God Does Like World Tours
20 May 2026
INFO TIX
REGISTER NOW
SNOW TRAVEL EXPO 2026
INDULGE YOUR SNOW PASSION
24 May 2026
INFO TIX
ON SALE NOW
MASTORAS & MELISSES
Presented by: Encore By Pambris Bros
30 May 2026
INFO TIX
SOLD OUT
FREYA SKYE
Stars Align Tour
09 Jun 2026
INFO TIX
ON SALE NOW
MOULD X PINOT PALOOZA
Cheese & Wine Festival
12 Jun 2026
INFO TIX
ON "
2026-03-27,News - The Hordern Pavilion,Hordern Pavilion,,https://thehordern.com.au/news/,"NEWS
I want to see
latest news & gig galleries
gig galleries
latest news
Gallery
DISCO CLUB
2026 Tour
Fri 27 Mar 2026
VIEW GALLERY
Gallery
MAOLI
Island Vibe tour
Wed 18 Mar 2026
VIEW GALLERY
Gallery
RILEY GREEN
Cowboy As It Gets Tour
Mon 16 Mar 2026
VIEW GALLERY
Gallery
PENDULUM
Australian Tour 2026
Thu 5 Mar 2026
VIEW GALLERY
Gallery
G FLIP
Dream Ride Tour
Tue 3 Mar 2026
VIEW GALLERY
Gallery
ETHEL CAIN
Willoughby Tucker Forever Tour
Sat 21 Feb 2026
VIEW GALLERY
Gallery
RENEÉ RAPP
With Cat & Calmell
Thu 29 Jan 2026
VIEW GALLERY
Gallery
VIAGRA BOYS
Supported By: Private Function & The Gnomes
Sun 18 Jan 2026
VIEW GALLERY
Gallery
TILL LINDEMANN
Meine Welt World Tour
Sat 17 Jan 2026
VIEW GALLERY
Gallery
TURNSTILE
NEVER ENOUGH
Tue 6 Jan 2026
VIEW GALLERY
Gallery
ARCHITECTS
WITH HOUSE OF PROTECTION + PRESIDENT
Sat 13 Dec 2025
VIEW GALLERY
Gallery
THE DEAD SOUTH
Australian Tour 2025
Fri 5 Dec 2025
VIEW GALLERY
1
2
3
4
5
6
7
›
»
STAY IN THE LOOP
Join our mailing list to get access to exclusive"
